{
  "type": "gbr_drivelic_bplace_and_bdate",
  "settings": {
    "birth_date_postprocessor": {
      "type": "multisequence",
      "settings": {
        "postprocessors" : [
          {
            "type": "drvlic_prefix_removal",
            "settings": {
              "first_symbol": "3",
              "second_symbol": ". ",
              "field_name": "birth_date"
            }
          },
          ":/postprocessor/date/default_birth_date_DDMMYYYY_postprocessor.json"
        ]
      }
    },
    "birth_place_postprocessor": {
      "type": "multisequence",
      "settings": {
        "postprocessors" : [
          ":/postprocessor/spaces_stripper.json"
        ]
      }
    },
    "field_name":        "birth_date_and_birth_place_eng",
    "birth_place_alias": "birth_place_eng",
    "birth_date_alias":  "birth_date"
  }
}