{
  "type": "multichoise",
  "settings": {
    "postprocessors": [
      {
        "type": "alphabet",
        "settings": {
          "type_app": "univ_alph",
          "str_size": 10,
          "mask_str": [
            "АБВГДЕЁЖЗИЙКЛМНҢОӨПРСТУҮФХЦЧШЩЪЫЬЭЮЯ",
            "АБВГДЕЁЖЗИЙКЛМНҢОӨПРСТУҮФХЦЧШЩЪЫЬЭЮЯ",
            "АБВГДЕЁЖЗИЙКЛМНҢОӨПРСТУҮФХЦЧШЩЪЫЬЭЮЯ",
            " ",
            "1234567890",
            "1234567890",
            "1234567890",
            "1234567890",
            "1234567890",
            "1234567890"
          ],
          "min_confidence": 0.2,
          "sum_alph_confidence": 0.98,
          "matchs" : {
            "O": "0",
            "О": "0"
          }
        }
      },
      {
        "type": "alphabet",
        "settings": {
          "type_app": "univ_alph",
          "str_size": 9,
          "mask_str": [
            "АБВГДЕЁЖЗИЙКЛМНҢОӨПРСТУҮФХЦЧШЩЪЫЬЭЮЯ",
            "АБВГДЕЁЖЗИЙКЛМНҢОӨПРСТУҮФХЦЧШЩЪЫЬЭЮЯ",
            "АБВГДЕЁЖЗИЙКЛМНҢОӨПРСТУҮФХЦЧШЩЪЫЬЭЮЯ",
            " ",
            "1234567890",
            "1234567890",
            "-",
            "1234567890",
            "1234567890"
          ],
          "min_confidence": 0.2,
          "sum_alph_confidence": 0.98,
          "matchs" : {
            "O": "0",
            "О": "0"
          }
        }
      }
    ]
  }
}