{
  "type": "integrator",
  "settings": {
  	"input_fields_sequence": ["id_number", "opt_data_2_mrz"],
    "input_fields_weights": [[1.0, 0.1], [1.0, 0.001]],       
  	"output_field": "id_number",
    "internal_integrator": {
      "type": "rover",
      "settings": {
        "WTN": {
            "weightOfEmptySymb": 0.6,
            "empty_symbol": "@"
        },
        "integrate_confidence_info": false
      }
    },
    "weighting_rejector": {
      "type": "worst_character", 
      "settings": { 
        "set_accept_flag": true,
        "cumulative_confidence_threshold": 0.9
      }
    },
    "attributes_integrator": ":/integrator/default_attributes_integrator.json",
    "canceling_attributes":{
      "should_integrate" : "false"
    }
  }
}