{
  "type": "multichoise",
  "settings": {
    "postprocessors": [
      {
        "type": "alphabet",
        "settings": {
          "type_app": "univ_alph",
          "str_size": 9,    
          "mask_str": [
            "ABCDEFGHIJKLMNOPQRSTUVWXYZ",
            "ABCDEFGHIJKLMNOPQRSTUVWXYZ",
            "0123456789",
            "0123456789",
            "0123456789",
            "0123456789",
            "0123456789",
            "0123456789",
            "0123456789"
          ],
          "min_confidence": 0.2,
          "sum_alph_confidence": 0.98,
          "matchs" : {
            "0": "O",
            "O": "0",
            "I": "1",
            "1": "I",
            "7": "T",
            "T": "7",
            "S": "5",
            "5": "S",
            "Z": "2",
            "2": "Z"
          }
        }
      },
      {
        "type": "alphabet",
        "settings": {
          "type_app": "univ_alph",
          "str_size": 8,    
          "mask_str": [
            "ABCDEFGHIJKLMNOPQRSTUVWXYZ",
            "ABCDEFGHIJKLMNOPQRSTUVWXYZ",
            "0123456789",
            "0123456789",
            "0123456789",
            "0123456789",
            "0123456789",
            "0123456789"
          ],
          "min_confidence": 0.2,
          "sum_alph_confidence": 0.98,
          "matchs" : {
            "0": "O",
            "O": "0",
            "I": "1",
            "1": "I",
            "7": "T",
            "T": "7",
            "S": "5",
            "5": "S",
            "Z": "2",
            "2": "Z"
          }
        }
      }
    ]
  }
}