[
    {
        "descriptors": [
            {
                "angle": 0,
                "path": "variants/kgz.passport.type1.main.smpl1_0.desc"
            },
            {
                "angle": 90,
                "path": "variants/kgz.passport.type1.main.smpl1_1.desc"
            },
            {
                "angle": 180,
                "path": "variants/kgz.passport.type1.main.smpl1_2.desc"
            },
            {
                "angle": 270,
                "path": "variants/kgz.passport.type1.main.smpl1_3.desc"
            }
        ],
        "keypoints": "variants/kgz.passport.type1.main.smpl1.txt",
        "(source)": "sources/kgz.passport.type1.main.smpl1.png"
    }
]