{
  "type": "renaming",
  "settings": {
    "renaming": {
      "formatted_birth_date_mrz" : "mrz_birth_date",
      "formatted_expiry_date_mrz" : "mrz_expiry_date",
      "formatted_issue_date_mrz" : "mrz_issue_date",
      "formatted_authority_code_mrz" : "mrz_authority_code",
      "formatted_number_mrz" : "mrz_number",
      "formatted_first_name_mrz" : "mrz_name",
      "formatted_id_number_mrz" : "mrz_id_number",
      "formatted_id_visa_mrz" : "mrz_id_visa",
      "formatted_invitation_number_mrz" : "mrz_invitation_number", 
      "formatted_issuer_mrz" : "mrz_issuer",
      "formatted_nationality_mrz" : "mrz_nationality",
      "formatted_opt_data_1_mrz" : "mrz_opt_data_1",
      "formatted_opt_data_2_mrz" : "mrz_opt_data_2", 
      "formatted_proprietor_mrz" : "mrz_proprietor",
      "formatted_last_name_mrz" : "mrz_last_name",
      "formatted_name_mrz" : "mrz_name",
      "formatted_vehicle_number_mrz" : "mrz_vehicle_number",
      "gender_mrz" : "mrz_gender",
      "__type__": "__mrz_type__"
    }
  }
}