{
  "__type__": "mrz.td1",
  "doc_type": "Travel_Document1",
  "pattern": [
    "^*****************************",
    "#######x#######@@@***********#",
    "******************************"
  ],
  "layout": [
    "DDCCC#########YOOOOOOOOOOOOOOO",
    "BBBBBBHSVVVVVVJEEEUUUUUUUUUUUZ",
    "NNNNNNNNNNNNNNNNNNNNNNNNNNNNNN"
  ],
  "layout_legend": {
    "D": "doc_type_code_mrz",
    "C": "issuer_mrz",
    "#": "number_mrz",
    "Y": "cd_number_mrz",
    "O": "opt_data_1_mrz",
    "B": "birth_date_mrz",
    "H": "cd_birth_date_mrz",
    "S": "gender_mrz",
    "V": "expiry_date_mrz",
    "J": "cd_expiry_date_mrz",
    "E": "nationality_mrz",
    "U": "opt_data_2_mrz",
    "Z": "cd_composite_mrz",
    "N": "name_mrz"
  },
  "postprocessing": [
    {
      "field": "issuer_mrz",
      "postprocessor": "mrz_field_postprocessors/wrdgen_country.json"
    },
    { 
      "field": "doc_type_code_mrz",
      "postprocessor": "mrz_field_postprocessors/wrdgen_doc_code_td.json" 
    },   
    {
      "field": "cd_birth_date_mrz",
      "postprocessor": "mrz_field_postprocessors/new_number_postprocessor.json"
    },
    {
      "field": "birth_date_mrz",
      "postprocessor": "mrz_field_postprocessors/new_number_postprocessor.json"
    },
    {
      "field": "*",
      "postprocessor": "mrz_field_postprocessors/wrdgen_birth_date.json"
    },
    {
      "field": "gender_mrz",
      "postprocessor": "mrz_field_postprocessors/new_gender.json"
    },
    {
      "field": "cd_expiry_date_mrz",
      "postprocessor": "mrz_field_postprocessors/new_number_postprocessor.json"
    },
    {
      "field": "expiry_date_mrz",
      "postprocessor": "mrz_field_postprocessors/new_number_postprocessor.json"
    },
    {
      "field": "*",
      "postprocessor": "mrz_field_postprocessors/wrdgen_expiry_date.json"
    },
    {
      "field": "nationality_mrz",
      "postprocessor": "mrz_field_postprocessors/wrdgen_nationality.json"
    },
    {
      "field": "cd_number_mrz",
      "postprocessor": "mrz_field_postprocessors/new_number_postprocessor.json"
    },
    {
      "field": "*",
      "postprocessor": "mrz_field_postprocessors/wrdgen_doc_number.json"
    },
    {
      "field": "name_mrz",
      "postprocessor": "mrz_field_postprocessors/new_antinumber_postprocessor.json"
    },
    {
      "field": "*",
      "postprocessor": "mrz_field_postprocessors/wrdgen_name.json"
    },
    {
      "field": "*",
      "postprocessor": "mrz_field_postprocessors/wrdgen_optdata1.json"
    },
    {
      "field": "*",
      "postprocessor": "mrz_field_postprocessors/wrdgen_optdata2.json"
    },
    {
      "field": "cd_composite_mrz",
      "postprocessor": "mrz_field_postprocessors/new_number_postprocessor.json"
    },
    {
      "field": "*",
      "postprocessor": "mrz_field_postprocessors/cd_checker.json"
    },
    {
      "field": "name_mrz",
      "postprocessor": "mrz_field_postprocessors/name_splitter.json"
    },
    {
      "field": [
        "first_name_mrz",
        "last_name_mrz",
        "nationality_mrz",
        "number_mrz",
        "opt_data_1_mrz",
        "opt_data_2_mrz",
        "issuer_mrz"
      ],
      "postprocessor": "mrz_field_postprocessors/filler_formatter.json"
    },
    {
      "field": "*",
      "postprocessor": "mrz_field_postprocessors/number_formatter.json"
    },
    {
      "field": "formatted_birth_date_mrz",
      "postprocessor": "date_formatter.json"
    },
    {
      "field": "formatted_expiry_date_mrz",
      "postprocessor": "date_formatter_exp.json"
    },
    {
      "field": "*",
      "postprocessor": "validate_fields_sanity.json"
    }
  ]
}