{
    "type": "dynamic", 
    "settings": {
        "processing": {
            "autocontrast_satur_black": 0.10, 
            "autocontrast_satur_white": 0.05, 
            "background_closing_wx": 4, 
            "background_closing_wy": 4, 
            "blink_removing_percent": 0.1, 
            "deskewer": ":/mixlanger/common_deskewer.json", 
            "morphology_close_wx": 0, 
            "morphology_close_wy": 6, 
            "morphology_open_wx": 13, 
            "morphology_open_wy": 2, 
            "use_angle_detector": true, 
            "use_autocontrast": true,
            "use_background_closing": true, 
            "use_blink_removing": true, 
            "use_morphology_close": true, 
            "use_morphology_open": true, 
            "use_saturation": false
        }, 
        "layout": [
            {
                "delta_height": 20, 
                "line_type": "gap", 
                "height": 30
            }, 
            {
                "line_type": "text",
                "height": 25,
                "delta_height": 10, 
                "fields": [
                    {
                        "field_type": "gap", 
                        "delta_width": 20, 
                        "width": 290
                    }, 
                    {
                        "field_type": "text", 
                        "cost": 1.0, 
                        "field_name": "last_name", 
                        "is_optional": false,
                        "delta_width": 400, 
                        "width": 510
                    }, 
                    {
                        "field_type": "gap", 
                        "delta_width": 380, 
                        "width": 400
                    }
                ]
            },
            {
                "delta_height": 20, 
                "line_type": "gap", 
                "height": 30
            }, 
            {
                "line_type": "text",
                "height": 25,
                "delta_height": 10, 
                "fields": [
                    {
                        "field_type": "gap", 
                        "delta_width": 20, 
                        "width": 290
                    }, 
                    {
                        "field_type": "text", 
                        "cost": 1.0, 
                        "field_name": "name", 
                        "is_optional": false,
                        "delta_width": 400, 
                        "width": 510
                    }, 
                    {
                        "field_type": "gap", 
                        "delta_width": 380, 
                        "width": 400
                    }
                ]
            },
            {
                "delta_height": 20, 
                "line_type": "gap", 
                "height": 20
            }, 
            {
                "line_type": "text",
                "height": 25,
                "delta_height": 10, 
                "fields": [
                    {
                        "field_type": "gap", 
                        "delta_width": 20, 
                        "width": 290
                    }, 
                    {
                        "field_type": "text", 
                        "cost": 1.0, 
                        "field_name": "patronymic", 
                        "is_optional": false,
                        "delta_width": 400, 
                        "width": 510
                    }, 
                    {
                        "field_type": "gap", 
                        "delta_width": 380, 
                        "width": 400
                    }
                ]
            },
            {
                "delta_height": 20, 
                "line_type": "gap", 
                "height": 20
            }, 
            {
                "line_type": "text",
                "height": 25,
                "delta_height": 10, 
                "fields": [
                    {
                        "field_type": "gap", 
                        "delta_width": 20, 
                        "width": 290
                    }, 
                    {
                        "field_type": "text", 
                        "cost": 1.0, 
                        "field_name": "birth_date_and_birth_place", 
                        "is_optional": false,
                        "delta_width": 400, 
                        "width": 510
                    }, 
                    {
                        "field_type": "gap", 
                        "delta_width": 380, 
                        "width": 400
                    }
                ]
            },
            {
                "delta_height": 20, 
                "line_type": "gap", 
                "height": 30
            }, 
            {
                "line_type": "text",
                "height": 25,
                "delta_height": 10, 
                "fields": [
                    {
                        "field_type": "gap", 
                        "delta_width": 20, 
                        "width": 300
                    }, 
                    {
                        "field_type": "text", 
                        "cost": 1.0, 
                        "field_name": "issue_date", 
                        "is_optional": false,
                        "delta_width": 20, 
                        "width": 150
                    },
                    {
                        "field_type": "gap", 
                        "delta_width": 10, 
                        "width": 60
                    }, 
                    {
                        "field_type": "text", 
                        "cost": 1.0, 
                        "field_name": "expiry_date", 
                        "is_optional": false,
                        "delta_width": 20, 
                        "width": 150
                    },
                    {
                        "field_type": "gap", 
                        "delta_width": 10, 
                        "width": 80
                    }, 
                    {
                        "field_type": "text", 
                        "cost": 1.0, 
                        "field_name": "authority", 
                        "is_optional": false,
                        "delta_width": 90, 
                        "width": 130
                    },   
                    {
                        "field_type": "gap", 
                        "delta_width": 90, 
                        "width": 100
                    }
                ]
            },
            {
                "delta_height": 20, 
                "line_type": "gap", 
                "height": 20
            }, 
            {
                "line_type": "text",
                "height": 25,
                "delta_height": 10, 
                "fields": [
                    {
                        "field_type": "gap", 
                        "delta_width": 20, 
                        "width": 290
                    }, 
                    {
                        "field_type": "text", 
                        "cost": 1.0, 
                        "field_name": "id_number", 
                        "is_optional": false,
                        "delta_width": 20, 
                        "width": 220,
                        "gap_left": 5
                    }, 
                    {
                        "field_type": "gap", 
                        "delta_width": 20, 
                        "width": 310
                    }
                ]
            },
            {
                "delta_height": 20, 
                "line_type": "gap", 
                "height": 30
            }, 
            {
                "line_type": "text",
                "height": 25,
                "delta_height": 10, 
                "fields": [
                    {
                        "field_type": "gap", 
                        "delta_width": 20, 
                        "width": 290
                    }, 
                    {
                        "field_type": "text", 
                        "cost": 1.0, 
                        "field_name": "address", 
                        "is_optional": false,
                        "delta_width": 400, 
                        "width": 450
                    }, 
                    {
                        "field_type": "gap", 
                        "delta_width": 400, 
                        "width": 450
                    }
                ]
            },
            {
                "delta_height": 20, 
                "line_type": "gap", 
                "height": 20
            }, 
            {
                "line_type": "text",
                "height": 25,
                "delta_height": 10, 
                "fields": [
                    {
                        "field_type": "gap", 
                        "delta_width": 20, 
                        "width": 290
                    }, 
                    {
                        "field_type": "text", 
                        "cost": 1.0, 
                        "field_name": "address_eng", 
                        "is_optional": false,
                        "delta_width": 450, 
                        "width": 500
                    }, 
                    {
                        "field_type": "gap", 
                        "delta_width": 400, 
                        "width": 450
                    }
                ]
            },
            {
                "delta_height": 20, 
                "line_type": "gap", 
                "height": 20
            }, 
            {
                "line_type": "text",
                "height": 25,
                "delta_height": 10, 
                "fields": [
                    {
                        "field_type": "gap", 
                        "delta_width": 20, 
                        "width": 290
                    }, 
                    {
                        "field_type": "text", 
                        "cost": 1.0, 
                        "field_name": "blood_type", 
                        "is_optional": false,
                        "delta_width": 100, 
                        "width": 160
                    }, 
                    {
                        "field_type": "gap", 
                        "delta_width": 200, 
                        "width": 450
                    }
                ]
            },
            {
                "delta_height": 20, 
                "line_type": "gap", 
                "height": 30
            }, 
            {
                "line_type": "text",
                "height": 25,
                "delta_height": 10, 
                "fields": [
                    {
                        "field_type": "gap", 
                        "delta_width": 20, 
                        "width": 20
                    }, 
                    {
                        "field_type": "text", 
                        "cost": 1.0, 
                        "field_name": "number", 
                        "is_optional": false,
                        "delta_width": 20, 
                        "width": 130
                    }, 
                    {
                        "field_type": "gap", 
                        "delta_width": 20, 
                        "width": 680
                    }
                ]
            },
            {
                "delta_height": 20, 
                "line_type": "gap", 
                "height": 20
            }, 
            {
                "line_type": "text",
                "height": 25,
                "delta_height": 10, 
                "fields": [
                    {
                        "field_type": "gap", 
                        "delta_width": 20, 
                        "width": 20
                    }, 
                    {
                        "field_type": "text", 
                        "cost": 1.0, 
                        "field_name": "categories", 
                        "is_optional": false,
                        "delta_width": 300, 
                        "width": 320
                    }, 
                    {
                        "field_type": "gap", 
                        "delta_width": 500, 
                        "width": 770
                    }
                ]
            },
            {
                "delta_height": 20, 
                "line_type": "gap", 
                "height": 30
            }
        ],
        "settings": {
            "grid_step_y": 1, 
            "grid_step_x": 1, 
            "gap_right": 10,
            "gap_left": 10,
            "gap_bot": 10,
            "gap_top": 10,
            "score_type": "otsu",
            "rejection_threshold": 100,

            "default_gap_dp_cost": 0.0,
            "default_gap_otsu_cost": 0.7,

            "local_otsu_window_wing": -1
        }
    }
}