{
    "type": "dynamic", 
    "settings": {
        "processing": {
            "autocontrast_satur_black": 0.05, 
            "autocontrast_satur_white": 0.05, 
            "background_closing_wx": 4, 
            "background_closing_wy": 4, 
            "blink_removing_percent": 0.1, 
            "deskewer": ":/mixlanger/common_deskewer.json", 
            "morphology_close_wx": 5, 
            "morphology_close_wy": 5, 
            "morphology_open_wx": 7, 
            "morphology_open_wy": 1, 
            "use_angle_detector": true, 
            "use_autocontrast": true,
            "use_background_closing": true, 
            "use_blink_removing": true, 
            "use_morphology_close": false, 
            "use_morphology_open": true, 
            "use_saturation": false
        }, 
        "layout": [
            {
                "delta_height": 20, 
                "line_type": "gap", 
                "height": 50
            }, 
            {
                "line_type": "text",
                "height": 25,
                "delta_height": 10, 
                "fields": [
                    {
                        "field_type": "gap", 
                        "delta_width": 20, 
                        "width": 30
                    }, 
                    {
                        "field_type": "text", 
                        "cost": 1.0, 
                        "field_name": "number", 
                        "is_optional": false,
                        "delta_width": 20, 
                        "width": 130
                    }, 
                    {
                        "field_type": "gap", 
                        "delta_width": 20, 
                        "width": 60
                    }
                ]
            },
            {
                "delta_height": 20, 
                "line_type": "gap", 
                "height": 50
            }, 
            {
                "line_type": "text",
                "height": 25,
                "delta_height": 10, 
                "fields": [
                    {
                        "field_type": "gap", 
                        "delta_width": 20, 
                        "width": 30
                    }, 
                    {
                        "field_type": "text", 
                        "cost": 1.0, 
                        "field_name": "expiry_date", 
                        "is_optional": false,
                        "delta_width": 20, 
                        "width": 130
                    }, 
                    {
                        "field_type": "gap", 
                        "delta_width": 20, 
                        "width": 60
                    }
                ]
            },
            {
                "delta_height": 20, 
                "line_type": "gap", 
                "height": 30
            }
        ],
        "settings": {
            "grid_step_y": 1, 
            "grid_step_x": 1, 
            "gap_right": 10,
            "gap_left": 20,
            "gap_bot": 10,
            "gap_top": 10,
            "score_type": "otsu",
            "rejection_threshold": 100,

            "default_gap_dp_cost": 0.0,
            "default_gap_otsu_cost": 0.7,

            "local_otsu_window_wing": -1
        }
    }
}