{
    "type": "dynamic", 
    "settings": {
        "processing": {
            "autocontrast_satur_black": 0.05, 
            "autocontrast_satur_white": 0.05, 
            "background_closing_wx": 4, 
            "background_closing_wy": 4, 
            "blink_removing_percent": 0.1, 
            "deskewer": ":/mixlanger/common_deskewer.json", 
            "morphology_close_wx": 0, 
            "morphology_close_wy": 5, 
            "morphology_open_wx": 15, 
            "morphology_open_wy": 0, 
            "use_angle_detector": true, 
            "use_autocontrast": true,
            "use_background_closing": true, 
            "use_blink_removing": true, 
            "use_morphology_close": true, 
            "use_morphology_open": true, 
            "use_saturation": false
        }, 
        "layout": [
            {
                "delta_height": 30, 
                "line_type": "gap", 
                "height": 30
            }, 
            {
                "line_type": "text",
                "height": 20,
                "delta_height": 10, 
                "fields": [
                    {
                        "field_type": "gap", 
                        "delta_width": 20, 
                        "width": 240
                    }, 
                    {
                        "field_type": "text", 
                        "cost": 1.0, 
                        "field_name": "type", 
                        "is_optional": false,
                        "delta_width": 20, 
                        "width": 40
                    }, 
                    {
                        "field_type": "gap", 
                        "delta_width": 50, 
                        "width": 520
                    }
                ]
            },
            {
                "delta_height": 10, 
                "line_type": "gap", 
                "height": 25
            },
            {
                "line_type": "text",
                "height": 20,
                "delta_height": 10, 
                "fields": [
                    {
                        "field_type": "gap", 
                        "delta_width": 20, 
                        "width": 240
                    }, 
                    {
                        "field_type": "text", 
                        "cost": 1.0, 
                        "field_name": "last_name", 
                        "is_optional": false,
                        "delta_width": 210, 
                        "width": 240
                    }, 
                    {
                        "field_type": "gap", 
                        "delta_width": 300, 
                        "width": 500
                    }
                ]
            },
            {
                "delta_height": 20, 
                "line_type": "gap", 
                "height": 30
            }, 
            {
                "line_type": "text",
                "height": 20,
                "delta_height": 10, 
                "fields": [
                    {
                        "field_type": "gap", 
                        "delta_width": 20, 
                        "width": 240
                    }, 
                    {
                        "field_type": "text", 
                        "cost": 1.0, 
                        "field_name": "name", 
                        "is_optional": false,
                        "delta_width": 135, 
                        "width": 175
                    }, 
                    {
                        "field_type": "gap", 
                        "delta_width": 150, 
                        "width": 200
                    }, 
                    {
                        "field_type": "text", 
                        "cost": 1.0, 
                        "field_name": "gender", 
                        "is_optional": false,
                        "delta_width": 20, 
                        "width": 25
                    }, 
                    {
                        "field_type": "gap", 
                        "delta_width": 50, 
                        "width": 320
                    }
                ]
            },
            {
                "delta_height": 20, 
                "line_type": "gap", 
                "height": 30
            }, 
            {
                "line_type": "text",
                "height": 20,
                "delta_height": 10, 
                "fields": [
                    {
                        "field_type": "gap", 
                        "delta_width": 20, 
                        "width": 240
                    }, 
                    {
                        "field_type": "text", 
                        "cost": 1.0, 
                        "field_name": "nationality", 
                        "is_optional": false,
                        "delta_width": 210, 
                        "width": 240
                    }, 
                    {
                        "field_type": "gap", 
                        "delta_width": 300, 
                        "width": 500
                    }
                ]
            },
            {
                "delta_height": 20, 
                "line_type": "gap", 
                "height": 20
            },
            {
                "line_type": "text",
                "height": 20,
                "delta_height": 10, 
                "fields": [
                    {
                        "field_type": "gap", 
                        "delta_width": 40, 
                        "width": 640
                    }, 
                    {
                        "field_type": "text", 
                        "cost": 5.0, 
                        "field_name": "number", 
                        "is_optional": false,
                        "delta_width": 20, 
                        "width": 90
                    }, 
                    {
                        "field_type": "gap", 
                        "delta_width": 60, 
                        "width": 80
                    }
                ]
            },
            {
                "delta_height": 20, 
                "line_type": "gap", 
                "height": 20
            }, 
            {
                "line_type": "text",
                "height": 20,
                "delta_height": 10, 
                "fields": [
                    {
                        "field_type": "gap", 
                        "delta_width": 20, 
                        "width": 240
                    }, 
                    {
                        "field_type": "text", 
                        "cost": 1.0, 
                        "field_name": "birth_date", 
                        "is_optional": false,
                        "delta_width": 20, 
                        "width": 100
                    }, 
                    {
                        "field_type": "gap", 
                        "delta_width": 20, 
                        "width": 460
                    }
                ]
            },
            {
                "delta_height": 20, 
                "line_type": "gap", 
                "height": 30
            }, 
            {
                "line_type": "text",
                "height": 20,
                "delta_height": 10, 
                "fields": [
                    {
                        "field_type": "gap", 
                        "delta_width": 20, 
                        "width": 240
                    }, 
                    {
                        "field_type": "text", 
                        "cost": 1.0, 
                        "field_name": "birth_place", 
                        "is_optional": false,
                        "delta_width": 210, 
                        "width": 240
                    }, 
                    {
                        "field_type": "gap", 
                        "delta_width": 300, 
                        "width": 500
                    }
                ]
            },
            {
                "delta_height": 20, 
                "line_type": "gap", 
                "height": 30
            }, 
            {
                "line_type": "text",
                "height": 20,
                "delta_height": 10, 
                "fields": [
                    {
                        "field_type": "gap", 
                        "delta_width": 20, 
                        "width": 240
                    }, 
                    {
                        "field_type": "text", 
                        "cost": 1.0, 
                        "field_name": "issue_date", 
                        "is_optional": false,
                        "delta_width": 20, 
                        "width": 100
                    }, 
                    {
                        "field_type": "gap", 
                        "delta_width": 20, 
                        "width": 460
                    }
                ]
            },
            {
                "delta_height": 20, 
                "line_type": "gap", 
                "height": 30
            }, 
            {
                "line_type": "text",
                "height": 20,
                "delta_height": 10, 
                "fields": [
                    {
                        "field_type": "gap", 
                        "delta_width": 20, 
                        "width": 240
                    }, 
                    {
                        "field_type": "text", 
                        "cost": 1.0, 
                        "field_name": "authority", 
                        "is_optional": false,
                        "delta_width": 210, 
                        "width": 240
                    }, 
                    {
                        "field_type": "gap", 
                        "delta_width": 300, 
                        "width": 500
                    }
                ]
            },
            {
                "delta_height": 20, 
                "line_type": "gap", 
                "height": 30
            }, 
            {
                "line_type": "text",
                "height": 20,
                "delta_height": 10, 
                "fields": [
                    {
                        "field_type": "gap", 
                        "delta_width": 20, 
                        "width": 50
                    }, 
                    {
                        "field_type": "text", 
                        "cost": 1.0, 
                        "field_name": "id_number", 
                        "is_optional": false,
                        "delta_width": 20, 
                        "width": 150
                    }, 
                    {
                        "field_type": "gap", 
                        "delta_width": 20, 
                        "width": 70
                    }, 
                    {
                        "field_type": "text", 
                        "cost": 1.0, 
                        "field_name": "expiry_date", 
                        "is_optional": false,
                        "delta_width": 20, 
                        "width": 100
                    }, 
                    {
                        "field_type": "gap", 
                        "delta_width": 20, 
                        "width": 460
                    }
                ]
            },
            {
                "delta_height": 20, 
                "line_type": "gap", 
                "height": 40
            }
        ],
        "settings": {
            "grid_step_y": 1, 
            "grid_step_x": 1, 
            "gap_right": 15,
            "gap_left": 10,
            "gap_bot": 10,
            "gap_top": 5,
            "score_type": "otsu",
            "rejection_threshold": 100,

            "default_gap_dp_cost": 0.0,
            "default_gap_otsu_cost": 0.7,

            "local_otsu_window_wing": -1
        }
    }
}