{
    "type": "dynamic", 
    "settings": {
        "processing": {
            "autocontrast_satur_black": 0.05, 
            "autocontrast_satur_white": 0.05, 
            "background_closing_wx": 4, 
            "background_closing_wy": 4, 
            "blink_removing_percent": 0.1, 
            "deskewer": ":/mixlanger/common_deskewer.json", 
            "morphology_close_wx": 5, 
            "morphology_close_wy": 5, 
            "morphology_open_wx": 7, 
            "morphology_open_wy": 1, 
            "use_angle_detector": true, 
            "use_autocontrast": true,
            "use_background_closing": true, 
            "use_blink_removing": true, 
            "use_morphology_close": false, 
            "use_morphology_open": true, 
            "use_saturation": false
        }, 
        "layout": [
            {
                "delta_height": 20, 
                "line_type": "gap", 
                "height": 30
            }, 
            {
                "line_type": "text",
                "height": 35,
                "delta_height": 10, 
                "fields": [
                    {
                        "field_type": "gap", 
                        "delta_width": 110, 
                        "width": 250
                    }, 
                    {
                        "field_type": "text", 
                        "cost": 0.6, 
                        "field_name": "holder0", 
                        "is_optional": true,
                        "delta_width": 400, 
                        "width": 500
                    }, 
                    {
                        "field_type": "gap", 
                        "delta_width": 380, 
                        "width": 480
                    }
                ]
            },
            {
                "delta_height": 20, 
                "line_type": "gap", 
                "height": 20
            }, 
            {
                "line_type": "text",
                "height": 35,
                "delta_height": 10, 
                "fields": [
                    {
                        "field_type": "gap", 
                        "delta_width": 110, 
                        "width": 250
                    }, 
                    {
                        "field_type": "text", 
                        "cost": 0.6, 
                        "field_name": "holder1", 
                        "is_optional": true,
                        "delta_width": 400, 
                        "width": 500
                    }, 
                    {
                        "field_type": "gap", 
                        "delta_width": 380, 
                        "width": 480
                    }
                ]
            },
            {
                "delta_height": 20, 
                "line_type": "gap", 
                "height": 20
            }, 
            {
                "line_type": "text",
                "height": 35,
                "delta_height": 10, 
                "fields": [
                    {
                        "field_type": "gap", 
                        "delta_width": 110, 
                        "width": 250
                    }, 
                    {
                        "field_type": "text", 
                        "cost": 0.6, 
                        "field_name": "co_holder0", 
                        "is_optional": true,
                        "delta_width": 400, 
                        "width": 500
                    }, 
                    {
                        "field_type": "gap", 
                        "delta_width": 380, 
                        "width": 480
                    }
                ]
            },
             {
                "delta_height": 20, 
                "line_type": "gap", 
                "height": 20
            }, 
            {
                "line_type": "text",
                "height": 35,
                "delta_height": 10, 
                "fields": [
                    {
                        "field_type": "gap", 
                        "delta_width": 110,  
                        "width": 250
                    }, 
                    {
                        "field_type": "text", 
                        "cost": 0.6, 
                        "field_name": "co_holder1", 
                        "is_optional": true,
                        "delta_width": 400, 
                        "width": 500
                    }, 
                    {
                        "field_type": "gap", 
                        "delta_width": 380, 
                        "width": 480
                    }
                ]
            },
            {
                "delta_height": 20, 
                "line_type": "gap", 
                "height": 110
            }, 
            {
                "line_type": "text",
                "height": 30,
                "delta_height": 10, 
                "fields": [
                    {
                        "field_type": "gap", 
                        "delta_width": 20, 
                        "width": 420
                    }, 
                    {
                        "field_type": "text", 
                        "cost": 1.0, 
                        "field_name": "max_mass", 
                        "is_optional": false,
                        "delta_width": 30, 
                        "width": 120
                    }, 
                    {
                        "field_type": "gap", 
                        "delta_width": 20, 
                        "width": 220
                    }
                ]
            },
            {
                "delta_height": 20, 
                "line_type": "gap", 
                "height": 30
            }, 
            {
                "line_type": "text",
                "height": 30,
                "delta_height": 10, 
                "fields": [
                    {
                        "field_type": "gap", 
                        "delta_width": 20, 
                        "width": 420
                    }, 
                    {
                        "field_type": "text", 
                        "cost": 1.0, 
                        "field_name": "vehicle_mass", 
                        "is_optional": false,
                        "delta_width": 30, 
                        "width": 120
                    }, 
                    {
                        "field_type": "gap", 
                        "delta_width": 20, 
                        "width": 220
                    }
                ]
            },
            {
                "delta_height": 20, 
                "line_type": "gap", 
                "height": 90
            }, 
            {
                "line_type": "text",
                "height": 25,
                "delta_height": 10, 
                "fields": [
                    {
                        "field_type": "gap", 
                        "delta_width": 20, 
                        "width": 120
                    }, 
                    {
                        "field_type": "text", 
                        "cost": 1.0, 
                        "field_name": "place_of_registration0", 
                        "is_optional": false,
                        "delta_width": 400, 
                        "width": 540
                    }, 
                    {
                        "field_type": "gap", 
                        "delta_width": 400, 
                        "width": 540
                    }
                ]
            },
            {
                "delta_height": 20, 
                "line_type": "gap", 
                "height": 20
            }, 
            {
                "line_type": "text",
                "height": 25,
                "delta_height": 10, 
                "fields": [
                    {
                        "field_type": "gap", 
                        "delta_width": 20, 
                        "width": 120
                    }, 
                    {
                        "field_type": "text", 
                        "cost": 1.0, 
                        "field_name": "place_of_registration1", 
                        "is_optional": false,
                        "delta_width": 400, 
                        "width": 540
                    }, 
                    {
                        "field_type": "gap", 
                        "delta_width": 400, 
                        "width": 540
                    }
                ]
            },
            {
                "delta_height": 20, 
                "line_type": "gap", 
                "height": 20
            }, 
            {
                "line_type": "text",
                "height": 25,
                "delta_height": 10, 
                "fields": [
                    {
                        "field_type": "gap", 
                        "delta_width": 20, 
                        "width": 120
                    }, 
                    {
                        "field_type": "text", 
                        "cost": 0.6, 
                        "field_name": "place_of_registration2", 
                        "is_optional": true,
                        "delta_width": 400, 
                        "width": 540
                    }, 
                    {
                        "field_type": "gap", 
                        "delta_width": 400, 
                        "width": 540
                    }
                ]
            },
            {
                "delta_height": 20, 
                "line_type": "gap", 
                "height": 20
            }, 
            {
                "line_type": "text",
                "height": 25,
                "delta_height": 10, 
                "fields": [
                    {
                        "field_type": "gap", 
                        "delta_width": 20, 
                        "width": 120
                    }, 
                    {
                        "field_type": "text", 
                        "cost": 0.6, 
                        "field_name": "place_of_registration3", 
                        "is_optional": true,
                        "delta_width": 400, 
                        "width": 540
                    }, 
                    {
                        "field_type": "gap", 
                        "delta_width": 400, 
                        "width": 540
                    }
                ]
            },
            {
                "delta_height": 20, 
                "line_type": "gap", 
                "height": 80
            }, 
            {
                "line_type": "text",
                "height": 25,
                "delta_height": 10, 
                "fields": [
                    {
                        "field_type": "gap", 
                        "delta_width": 20, 
                        "width": 120
                    }, 
                    {
                        "field_type": "text", 
                        "cost": 1.0, 
                        "field_name": "authority", 
                        "is_optional": false,
                        "delta_width": 400, 
                        "width": 540
                    }, 
                    {
                        "field_type": "gap", 
                        "delta_width": 400, 
                        "width": 540
                    }
                ]
            },
            {
                "delta_height": 20, 
                "line_type": "gap", 
                "height": 40
            }, 
            {
                "line_type": "text",
                "height": 25,
                "delta_height": 10, 
                "fields": [
                    {
                        "field_type": "gap", 
                        "delta_width": 20, 
                        "width": 390
                    }, 
                    {
                        "field_type": "text", 
                        "cost": 1.0, 
                        "field_name": "issue_date", 
                        "is_optional": false,
                        "delta_width": 20, 
                        "width": 130
                    }, 
                    {
                        "field_type": "gap", 
                        "delta_width": 20, 
                        "width": 230
                    }
                ]
            },
            {
                "delta_height": 20, 
                "line_type": "gap", 
                "height": 20
            }
        ],
        "settings": {
            "grid_step_y": 1, 
            "grid_step_x": 1, 
            "gap_right": 10,
            "gap_left": 20,
            "gap_bot": 6,
            "gap_top": 10,
            "score_type": "otsu",
            "rejection_threshold": 100,

            "default_gap_dp_cost": 0.0,
            "default_gap_otsu_cost": 0.7,

            "local_otsu_window_wing": -1
        }
    }
}