{
    "type": "dynamic", 
    "settings": {
        "processing": {
            "autocontrast_satur_black": 0.05, 
            "autocontrast_satur_white": 0.05, 
            "background_closing_wx": 4, 
            "background_closing_wy": 4, 
            "blink_removing_percent": 0.1, 
            "deskewer": ":/mixlanger/common_deskewer.json", 
            "morphology_close_wx": 5, 
            "morphology_close_wy": 5, 
            "morphology_open_wx": 7, 
            "morphology_open_wy": 1, 
            "use_angle_detector": true, 
            "use_autocontrast": true,
            "use_background_closing": true, 
            "use_blink_removing": true, 
            "use_morphology_close": false, 
            "use_morphology_open": true, 
            "use_saturation": false
        }, 
        "layout": [
            {
                "delta_height": 20, 
                "line_type": "gap", 
                "height": 20
            }, 
            {
                "line_type": "text",
                "height": 45,
                "delta_height": 10, 
                "fields": [
                    {
                        "field_type": "gap", 
                        "delta_width": 20, 
                        "width": 270
                    }, 
                    {
                        "field_type": "text", 
                        "cost": 1.0, 
                        "field_name": "plate", 
                        "is_optional": false,
                        "delta_width": 20, 
                        "width": 330
                    }, 
                    {
                        "field_type": "gap", 
                        "delta_width": 20, 
                        "width": 170
                    }
                ]
            },
            {
                "delta_height": 20, 
                "line_type": "gap", 
                "height": 90
            }, 
            {
                "line_type": "text",
                "height": 30,
                "delta_height": 10, 
                "fields": [
                    {
                        "field_type": "gap", 
                        "delta_width": 300, 
                        "width": 500
                    }, 
                    {
                        "field_type": "text", 
                        "cost": 1.0, 
                        "field_name": "model", 
                        "is_optional": false,
                        "delta_width": 230, 
                        "width": 330
                    }, 
                    {
                        "field_type": "gap", 
                        "delta_width": 200, 
                        "width": 250
                    }
                ]
            },
            {
                "delta_height": 20, 
                "line_type": "gap", 
                "height": 60
            }, 
            {
                "line_type": "text",
                "height": 25,
                "delta_height": 10, 
                "fields": [
                    {
                        "field_type": "gap", 
                        "delta_width": 300, 
                        "width": 500
                    }, 
                    {
                        "field_type": "text", 
                        "cost": 1.0, 
                        "field_name": "type", 
                        "is_optional": false,
                        "delta_width": 400, 
                        "width": 500
                    }, 
                    {
                        "field_type": "gap", 
                        "delta_width": 350, 
                        "width": 400
                    }
                ]
            },
            {
                "delta_height": 20, 
                "line_type": "gap", 
                "height": 30
            }, 
            {
                "line_type": "text",
                "height": 35,
                "delta_height": 10, 
                "fields": [
                    {
                        "field_type": "gap", 
                        "delta_width": 300, 
                        "width": 430
                    }, 
                    {
                        "field_type": "text", 
                        "cost": 1.0, 
                        "field_name": "class", 
                        "is_optional": false,
                        "delta_width": 165, 
                        "width": 180
                    }, 
                    {
                        "field_type": "gap", 
                        "delta_width": 20, 
                        "width": 180
                    }, 
                    {
                        "field_type": "text", 
                        "cost": 1.0, 
                        "field_name": "capasity", 
                        "is_optional": false,
                        "delta_width": 20, 
                        "width": 30
                    }, 
                    {
                        "field_type": "gap", 
                        "delta_width": 20, 
                        "width": 130
                    }
                ]
            },
            {
                "delta_height": 20, 
                "line_type": "gap", 
                "height": 70
            }, 
            {
                "line_type": "text",
                "height": 35,
                "delta_height": 10, 
                "fields": [
                    {
                        "field_type": "gap", 
                        "delta_width": 20, 
                        "width": 550
                    }, 
                    {
                        "field_type": "text", 
                        "cost": 1.0, 
                        "field_name": "year_of_manufacture", 
                        "is_optional": false,
                        "delta_width": 20, 
                        "width": 90
                    }, 
                    {
                        "field_type": "gap", 
                        "delta_width": 20, 
                        "width": 130
                    }
                ]
            },
            {
                "delta_height": 20, 
                "line_type": "gap", 
                "height": 30
            }, 
            {
                "line_type": "text",
                "height": 35,
                "delta_height": 10, 
                "fields": [
                    {
                        "field_type": "gap", 
                        "delta_width": 100, 
                        "width": 550
                    },  
                    {
                        "field_type": "text", 
                        "cost": 1.0, 
                        "field_name": "colour", 
                        "is_optional": false,
                        "delta_width": 250, 
                        "width": 300
                    }, 
                    {
                        "field_type": "gap", 
                        "delta_width": 20, 
                        "width": 130
                    }
                ]
            },
            {
                "delta_height": 20, 
                "line_type": "gap", 
                "height": 50
            }, 
            {
                "line_type": "text",
                "height": 35,
                "delta_height": 10, 
                "fields": [
                    {
                        "field_type": "gap", 
                        "delta_width": 20, 
                        "width": 360
                    },  
                    {
                        "field_type": "text", 
                        "cost": 1.0, 
                        "field_name": "chassis_number", 
                        "is_optional": false,
                        "delta_width": 20, 
                        "width": 280
                    }, 
                    {
                        "field_type": "gap", 
                        "delta_width": 20, 
                        "width": 130
                    }
                ]
            },
            {
                "delta_height": 20, 
                "line_type": "gap", 
                "height": 30
            }, 
            {
                "line_type": "text",
                "height": 35,
                "delta_height": 10, 
                "fields": [
                    {
                        "field_type": "gap", 
                        "delta_width": 20, 
                        "width": 360
                    },  
                    {
                        "field_type": "text", 
                        "cost": 1.0, 
                        "field_name": "car_body", 
                        "is_optional": false,
                        "delta_width": 20, 
                        "width": 280
                    }, 
                    {
                        "field_type": "gap", 
                        "delta_width": 20, 
                        "width": 130
                    }
                ]
            },
            {
                "delta_height": 20, 
                "line_type": "gap", 
                "height": 30
            }, 
            {
                "line_type": "text",
                "height": 35,
                "delta_height": 10, 
                "fields": [
                    {
                        "field_type": "gap", 
                        "delta_width": 100, 
                        "width": 550
                    },  
                    {
                        "field_type": "text", 
                        "cost": 0.6, 
                        "field_name": "engine", 
                        "is_optional": true,
                        "delta_width": 250, 
                        "width": 300
                    }, 
                    {
                        "field_type": "gap", 
                        "delta_width": 20, 
                        "width": 130
                    }
                ]
            },
            {
                "delta_height": 20, 
                "line_type": "gap", 
                "height": 100
            }, 
            {
                "line_type": "text",
                "height": 35,
                "delta_height": 10, 
                "fields": [
                    {
                        "field_type": "gap", 
                        "delta_width": 30, 
                        "width": 560
                    },  
                    {
                        "field_type": "text", 
                        "cost": 1.0, 
                        "field_name": "cubic_capacity", 
                        "is_optional": false,
                        "delta_width": 20, 
                        "width": 80
                    }, 
                    {
                        "field_type": "gap", 
                        "delta_width": 20, 
                        "width": 130
                    }
                ]
            },
            {
                "delta_height": 20, 
                "line_type": "gap", 
                "height": 90
            }, 
            {
                "line_type": "text",
                "height": 55,
                "delta_height": 10, 
                "fields": [
                    {
                        "field_type": "gap", 
                        "delta_width": 20, 
                        "width": 450
                    },  
                    {
                        "field_type": "text", 
                        "cost": 1.0, 
                        "field_name": "number", 
                        "is_optional": false,
                        "delta_width": 20, 
                        "width": 270
                    }, 
                    {
                        "field_type": "gap", 
                        "delta_width": 20, 
                        "width": 50
                    }
                ]
            },
            {
                "delta_height": 20, 
                "line_type": "gap", 
                "height": 20
            }
        ],
        "settings": {
            "grid_step_y": 1, 
            "grid_step_x": 1, 
            "gap_right": 10,
            "gap_left": 20,
            "gap_bot": 10,
            "gap_top": 10,
            "score_type": "otsu",
            "rejection_threshold": 100,

            "default_gap_dp_cost": 0.0,
            "default_gap_otsu_cost": 0.7,

            "local_otsu_window_wing": -1
        }
    }
}