{
  "symbols_table": ":/postprocessor/symbols_table.json", 
  "compare_fields_checks": [
    {
      "check_name": "check_birth_date", 
      "mrz_field_sequence": [
        "birth_date_mrz"
      ], 
      "required_field_sequence": [
        "birth_date"
      ], 
      "strict_compare": true, 
      "trash_alphabet": ""
    }, 
    {
      "check_name": "check_expiry_date", 
      "mrz_field_sequence": [
        "expiry_date_mrz"
      ], 
      "required_field_sequence": [
        "expiry_date"
      ], 
      "strict_compare": true, 
      "trash_alphabet": ""
    }, 
    {
      "check_name": "check_name", 
      "mrz_field_sequence": [
        "first_name_mrz"
      ], 
      "required_field_sequence": [
        "name"
      ], 
      "strict_compare": false, 
      "trash_alphabet": "", 
      "check_transcription_field": true
    }, 
    {
      "check_name": "check_gender", 
      "mrz_field_sequence": [
        "gender_mrz"
      ], 
      "required_field_sequence": [
        "gender"
      ], 
      "strict_compare": true, 
      "trash_alphabet": "", 
      "check_transcription_field": true
    }, 
    {
      "check_name": "check_surname", 
      "mrz_field_sequence": [
        "last_name_mrz"
      ], 
      "required_field_sequence": [
        "surname"
      ], 
      "strict_compare": false, 
      "trash_alphabet": "", 
      "check_transcription_field": true
    }, 
    {
      "check_name": "check_nationality", 
      "mrz_field_sequence": [
        "nationality_mrz"
      ], 
      "required_field_sequence": [
        "nationality"
      ], 
      "strict_compare": true, 
      "trash_alphabet": "", 
      "check_transcription_field": true
    }, 
    {
      "check_name": "check_number", 
      "mrz_field_sequence": [
        "number_mrz"
      ], 
      "required_field_sequence": [
        "number"
      ], 
      "strict_compare": true, 
      "trash_alphabet": " "
    }
  ]
} 
