{
  "kgz.id.type1": {
    "(documentation)": {
      "description": "Kyrgyz ID card (the coat of arms of Kyrgyzstan in the middle on the top, front side)",
      "name": "Kyrgyz ID card"
    },
    "expected_templates": [],
    "output_fields": [
      "issue_date",
      "surname",
      "name",
      "patronymic",
      "id_number",
      "photo",
      "address",
      "number",
      "authority",
      "family_status",
      "birth_date",
      "expiry_date",
      "birth_place",
      "gender",
      "signature",
      "nationality",
      "full_mrz",
      "number_mrz",
      "opt_data_1_mrz",
      "birth_date_mrz",
      "gender_mrz",
      "expiry_date_mrz",
      "nationality_mrz",
      "last_name_mrz",
      "first_name_mrz"
    ],
    "forensic_fields": [
      "check_cd_composite_mrz",
      "check_cd_number_mrz",
      "check_cd_birth_date_mrz",
      "check_cd_expiry_date_mrz",
      "check_birth_date",
      "check_expiry_date",
      "check_name",
      "check_gender",
      "check_surname",
      "check_nationality",
      "check_number"
    ],
    "postprocessors": [
      ":/postprocessor/mrz/mrz_postprocessor_slot.json",
      ":/postprocessor/mrz/mrz_renaming_slot_notype.json",
      {
        "input_fields": ["surname"],
        "postprocessor": "postprocessors/symbols_and_digits_replacer.json"
      },
      {
        "input_fields": ["name"],
        "postprocessor": "postprocessors/symbols_and_digits_replacer.json"
      },
      {
        "input_fields": ["patronymic"],
        "postprocessor": "postprocessors/symbols_and_digits_replacer.json"
      },
      {
        "input_fields": ["gender"],
        "postprocessor": "postprocessors/gender_postprocessor.json"
      },
      {
        "input_fields": ["birth_place"],
        "postprocessor": "postprocessors/birth_place_postprocessor.json"
      },
      {
        "input_fields": ["authority"],
        "postprocessor": "postprocessors/symbols_and_digits_replacer.json"
      },
      {
        "input_fields": ["birth_date"],
        "postprocessor": ":/postprocessor/date/default_birth_date_DDMMYYYY_postprocessor.json"
      },
      {
        "input_fields": ["issue_date"],
        "postprocessor": ":/postprocessor/date/default_issue_date_DDMMYYYY_postprocessor.json"
      },
      {
        "input_fields": ["expiry_date"],
        "postprocessor": ":/postprocessor/date/default_expiry_date_DDMMYYYY_postprocessor.json"
      },
      {
        "input_fields": ["family_status"],
        "postprocessor": "postprocessors/family_status_postprocessor.json"
      },
      {
        "input_fields": ["number"],
        "postprocessor": "postprocessors/id_number_postprocessor.json"
      },
      {
        "input_fields": ["authority"],
        "postprocessor": "postprocessors/id_authority_postprocessor.json"
      },
      ":/postprocessor/check_mrz/id_check_mrz_fields_postprocessor_slot_variant05.json"
    ],
    "rejectors": {"__default__": ":/rejector/default_loyal_rejector.json"},
    "templates": {
      "kgz.id.type1:back": {"path": "tpl__kgz.id.type1.back.json"},
      "kgz.id.type1:front": {"path": "tpl__kgz.id.type1.front.json"}
    }
  }
}