{
  "kgz.drvlic.type1": {
    "(documentation)": {
      "description": "Kyrgyz Driving License (KS sign in the top-left corner and the flag of Kyrgyzstan in the top-right corner, front side)", 
      "name": "Kyrgyz Driving License", 
      "prado_link": "http://www.consilium.europa.eu/prado/en/KGZ-FO-01001/index.html"
    }, 
    "expected_templates": ["kgz.drvlic.type1:front"], 
    "output_fields": [
      "last_name",
      "last_name_eng", 
      "name", 
      "name_eng", 
      "name",
      "patronymic",
      "categories", 
      "birth_date", 
      "birth_place",
      "birth_place_eng", 
      "issue_date", 
      "expiry_date",
      "blood_type", 
      "address",
      "address_eng",
      "authority",
      "authority_eng", 
      "id_number", 
      "signature", 
      "photo", 
      "residence",
      "residence_eng", 
      "number"
    ], 
    "postprocessors": [
      {
        "input_fields": ["birth_date"], 
        "postprocessor": ":/postprocessor/date/default_birth_date_DDMMYYYY_postprocessor.json"
      },
      {
        "input_fields": ["issue_date"], 
        "postprocessor": ":/postprocessor/date/default_issue_date_DDMMYYYY_postprocessor.json"
      }, 
      {
        "input_fields": ["expiry_date"], 
        "postprocessor": ":/postprocessor/date/default_expiry_date_DDMMYYYY_postprocessor.json"
      }, 
      {
        "input_fields": ["name"], 
        "postprocessor": "postprocessors/drvlic_prefix_removal_name_postprocessor.json"
      }, 
      {
        "input_fields": ["last_name"], 
        "postprocessor": "postprocessors/drvlic_prefix_removal_surname_postprocessor.json"
      }, 
      {
        "input_fields": ["residence"], 
        "postprocessor": "postprocessors/drvlic_prefix_removal_address_postprocessor.json"
      }, 
      {
        "input_fields": ["authority"], 
        "postprocessor": "postprocessors/drvlic_prefix_removal_authority_postprocessor.json"
      }, 
      {
        "input_fields": ["number"], 
        "postprocessor": "postprocessors/drvlic_prefix_removal_number_postprocessor.json"
      }, 
      {
        "input_fields": ["id_number"], 
        "postprocessor": "postprocessors/drvlic_prefix_removal_id_number_postprocessor.json"
      }, 
      {
        "input_fields": ["last_name_eng"], 
        "output_fields": ["trash", "last_name_eng"], 
        "postprocessor": "postprocessors/drvlic_last_name_eng_postprocessor.json"
      }, 
      {
        "input_fields": ["name"], 
        "output_fields": ["name", "trash"], 
        "postprocessor": "postprocessors/drvlic_name_postprocessor.json"
      },  
      {
        "input_fields": ["name_eng"], 
        "output_fields": ["trash", "name_eng"], 
        "postprocessor": "postprocessors/drvlic_name_eng_postprocessor.json"
      }, 
      {
        "input_fields": ["birth_place"], 
        "output_fields": ["birth_place", "trash"], 
        "postprocessor": "postprocessors/drvlic_birth_place_postprocessor.json"
      }, 
      {
        "input_fields": ["birth_place_eng"], 
        "output_fields": ["birth_place_eng", "trash"], 
        "postprocessor": "postprocessors/drvlic_birth_place_eng_postprocessor.json"
      },
      {
        "input_fields": ["birth_place"], 
        "postprocessor": "postprocessors/birth_place_postprocessor.json"
      }, 
      {
        "input_fields": ["birth_place_eng"], 
        "postprocessor": "postprocessors/birth_place_eng_postprocessor.json"
      },
      {
        "input_fields": ["number"], 
        "postprocessor": "postprocessors/drvlic_type1_number_postprocessor.json"
      }, 
      {
        "input_fields": ["number"], 
        "postprocessor": ":/postprocessor/spaces_filter.json"
      },
      {
        "input_fields": ["id_number"], 
        "postprocessor": "postprocessors/id_postprocessor.json"
      }, 
      {
        "input_fields": ["last_name"], 
        "postprocessor": "postprocessors/apostr_replacer.json"
      },
      {
        "allow_incomplete_inputs": true, 
        "input_fields": ["authority"], 
        "output_fields": [
          "authority", 
          "authority_eng"
        ], 
        "postprocessor": {
          "settings": {
            "cloning_map": {
              "authority": "authority_eng"
            }
          }, 
          "type": "clone"
        }
      }, 
      {"input_fields": ["name"], "postprocessor": "postprocessors/apostr_replacer.json"}
    ], 
    "rejectors": {"__default__": ":/rejector/default_neutral_rejector.json"}, 
    "templates": {"kgz.drvlic.type1:front": {"path": "tpl__kgz.drvlic.type1.front.json"}}
  }
}
