{
  "kgz.id.type2:back": {
    "expected_fields": [
      "birth_place", 
      "authority", 
      "issue_date", 
      "full_mrz"
    ], 
    "fields": {
      "birth_place1": {
        "scale": 1.9, 
        "workflow": {
          "type": "common", 
          "settings": {
            "custom_alphabet": "\u0410\u0411\u0412\u0413\u0414\u0415\u0401\u0416\u0417\u0418\u0419\u041a\u041b\u041c\u041d\u041e\u041f\u0420\u0421\u0422\u0423\u0424\u0425\u0426\u0427\u0428\u0429\u042a\u042b\u042c\u042d\u042e\u042f -.,/'\\\"123456789IVLD", 
            "recstr": ":/recstr/kgz__symbols_rus_recstr.json"
          }
        }
      }, 
      "birth_place0": {
        "scale": 1.9, 
        "workflow": {
          "type": "common", 
          "settings": {
            "custom_alphabet": "\u0410\u0411\u0412\u0413\u0414\u0415\u0401\u0416\u0417\u0418\u0419\u041a\u041b\u041c\u041d\u041e\u041f\u0420\u0421\u0422\u0423\u0424\u0425\u0426\u0427\u0428\u0429\u042a\u042b\u042c\u042d\u042e\u042f -.,/'\\\"123456789IVLD", 
            "recstr": ":/recstr/kgz__symbols_rus_recstr.json"
          }
        }
      }, 
      "issue_date": {
        "scale": 1.8, 
        "workflow": {
          "type": "common", 
          "settings": {
            "custom_alphabet": "0123456789 .-", 
            "recstr": ":/recstr/001__n0087_recstr.json"
          }
        }
      }, 
      "mrz3_line2": {
        "workflow": {
          "type": "dummy"
        }
      }, 
      "id_number": {
        "scale": 1.9, 
        "workflow": {
          "type": "common", 
          "settings": {
            "custom_alphabet": "0123456789 ", 
            "recstr": ":/recstr/001__n0003_recstr.json"
          }
        }
      }, 
      "mrz3_line3": {
        "workflow": {
          "type": "dummy"
        }
      }, 
      "authority": {
        "scale": 1.9, 
        "workflow": {
          "type": "common", 
          "settings": {
            "custom_alphabet": "\u0410\u0411\u0412\u0413\u0414\u0415\u0401\u0416\u0417\u0418\u0419\u041a\u041b\u041c\u041d\u041e\u041f\u0420\u0421\u0422\u0423\u0424\u0425\u0426\u0427\u0428\u0429\u042a\u042b\u042c\u042d\u042e\u042f -.,/'\\\"123456789IVLD", 
            "recstr": ":/recstr/kgz__symbols_rus_recstr.json"
          }
        }
      }, 
      "number": {
        "scale": 1.9, 
        "workflow": {
          "type": "common", 
          "settings": {
            "custom_alphabet": "ABCDEFGHIJKLMNOPQRSTUVWXYZ -.,/'\\\"123456789", 
            "recstr": ":/recstr/111_eu_n0086_recstr.json"
          }
        }
      }, 
      "mrz3_line1": {
        "workflow": {
          "type": "dummy"
        }
      }
    }, 
    "formatters": [
      ":/postprocessor/mrz/mrz_formatter_slot.json", 
      {
        "formatter": ":/postprocessor/spaces_filter.json", 
        "input_fields": [
          "id_number"
        ]
      }, 
      {
        "formatter": ":/postprocessor/spaces_filter.json", 
        "input_fields": [
          "number"
        ]
      }, 
      {
        "formatter": ":/postprocessor/date/default_issue_date_DDMMYYYY_formatter.json", 
        "input_fields": [
          "issue_date"
        ]
      }, 
      {
        "allow_incomplete_inputs": true, 
        "formatter": {
          "type": "merge", 
          "settings": {
            "output_field": "birth_place", 
            "separator": " ", 
            "input_fields_sequence": [
              "birth_place0", 
              "birth_place1"
            ]
          }
        }, 
        "input_fields": [
          "birth_place0", 
          "birth_place1"
        ], 
        "output_fields": [
          "birth_place"
        ]
      }
    ], 
    "zones": {
      "mrz_zone": {
        "rect": [
          0, 
          200, 
          856, 
          334
        ], 
        "workflow": {
          "type": "mrz", 
          "settings": {
            "supported_document_types": [
              "mrz.td1"
            ], 
            "mrz_search_tplfinder": ":/mrz-data/mrz_tplfinder_config_anywhere.json", 
            "engine_settings_path": ":/mrz-data/mrzapi_engine.json", 
            "perform_mrz_search": true
          }
        }
      }, 
      "data_zone": {
        "rect": [
          215, 
          35, 
          600, 
          240
        ], 
        "workflow": {
          "type": "common", 
          "settings": {
            "vertsgm": "vertsgm/id_t2_b.json"
          }
        }
      }
    }, 
    "integrators": {
      "__default__": ":/integrator/default_rover_integrator.json", 
      "issue_date": ":/integrator/default_token_integrator.json", 
      "full_mrz": ":/integrator/default_mrz_integrator.json", 
      "number": ":/integrator/default_token_integrator.json"
    }, 
    "image_integrators": {
      "__default__": ":/integrator/default_image_integrator.json"
    }, 
    "config": "templates/kgz.id.type2.back.common.json", 
    "size": [
      856, 
      540
    ]
  }
}