{
  "kgz.id.type1:back": {
    "expected_fields": [
      "issue_date", 
      "address", 
      "authority", 
      "family_status", 
      "expiry_date"
    ], 
    "fields": {
      "mrz3_line1": {
        "workflow": {
          "type": "dummy"
        }
      }, 
      "issue_date": {
        "scale": 1.8, 
        "workflow": {
          "type": "common", 
          "settings": {
            "custom_alphabet": "0123456789 .-", 
            "recstr": ":/recstr/001__n0087_recstr.json"
          }
        }
      }, 
      "mrz3_line2": {
        "workflow": {
          "type": "dummy"
        }
      }, 
      "address2": {
        "scale": 1.8, 
        "workflow": {
          "type": "common", 
          "settings": {
            "custom_alphabet": "\u0410\u0411\u0412\u0413\u0414\u0415\u0401\u0416\u0417\u0418\u0419\u041a\u041b\u041c\u041d\u041e\u041f\u0420\u0421\u0422\u0423\u0424\u0425\u0426\u0427\u0428\u0429\u042a\u042b\u042c\u042d\u042e\u042f -.,/'\\\"123456789IVLD", 
            "recstr": ":/recstr/kgz__symbols_rus_recstr.json"
          }
        }
      }, 
      "signature": {
        "workflow": {
          "type": "image", 
          "settings": {}
        }
      }, 
      "mrz3_line3": {
        "workflow": {
          "type": "dummy"
        }
      }, 
      "authority": {
        "scale": 1.8, 
        "workflow": {
          "type": "common", 
          "settings": {
            "custom_alphabet": "\u0410\u0411\u0412\u0413\u0414\u0415\u0401\u0416\u0417\u0418\u0419\u041a\u041b\u041c\u041d\u041e\u041f\u0420\u0421\u0422\u0423\u0424\u0425\u0426\u0427\u0428\u0429\u042a\u042b\u042c\u042d\u042e\u042f -.,/'\\\"123456789IVLD", 
            "recstr": ":/recstr/kgz__symbols_rus_recstr.json"
          }
        }
      }, 
      "family_status": {
        "scale": 1.8, 
        "workflow": {
          "type": "common", 
          "settings": {
            "custom_alphabet": "\u0410\u0411\u0412\u0413\u0414\u0415\u0401\u0416\u0417\u0418\u0419\u041a\u041b\u041c\u041d\u041e\u041f\u0420\u0421\u0422\u0423\u0424\u0425\u0426\u0427\u0428\u0429\u042a\u042b\u042c\u042d\u042e\u042f -.,/'\\\"123456789IVLD", 
            "recstr": ":/recstr/kgz__symbols_rus_recstr.json"
          }
        }
      }, 
      "expiry_date": {
        "scale": 1.8, 
        "workflow": {
          "type": "common", 
          "settings": {
            "custom_alphabet": "0123456789 .-", 
            "recstr": ":/recstr/001__n0003_recstr.json"
          }
        }
      }, 
      "address": {
        "scale": 1.8, 
        "workflow": {
          "type": "common", 
          "settings": {
            "custom_alphabet": "\u0410\u0411\u0412\u0413\u0414\u0415\u0401\u0416\u0417\u0418\u0419\u041a\u041b\u041c\u041d\u041e\u041f\u0420\u0421\u0422\u0423\u0424\u0425\u0426\u0427\u0428\u0429\u042a\u042b\u042c\u042d\u042e\u042f -.,/'\\\"123456789IVLD", 
            "recstr": ":/recstr/kgz__symbols_rus_recstr.json"
          }
        }
      }
    }, 
    "formatters": [
      ":/postprocessor/mrz/mrz_formatter_slot.json", 
      {
        "formatter": ":/postprocessor/date/default_issue_date_DDMMYYYY_formatter.json", 
        "input_fields": [
          "issue_date"
        ]
      }, 
      {
        "formatter": ":/postprocessor/date/default_expiry_date_DDMMYYYY_formatter.json", 
        "input_fields": [
          "expiry_date"
        ]
      }, 
      {
        "allow_incomplete_inputs": true, 
        "formatter": "postprocessors/id_type1_address_merge.json", 
        "input_fields": [
          "address", 
          "address2"
        ], 
        "output_fields": [
          "address"
        ]
      }
    ], 
    "zones": {
      "mrz_zone": {
        "size_override": [
          800, 
          200
        ], 
        "rect": [
          0, 
          330, 
          856, 
          210
        ], 
        "workflow": {
          "type": "mrz", 
          "settings": {
            "supported_document_types": [
              "mrz.td1"
            ], 
            "mrz_search_tplfinder": ":/mrz-data/mrz_tplfinder_config_anywhere.json", 
            "engine_settings_path": ":/mrz-data/mrzapi_engine.json", 
            "perform_mrz_search": true
          }
        }
      }, 
      "data_zone": {
        "rect": [
          10, 
          15, 
          570, 
          355
        ], 
        "workflow": {
          "type": "common", 
          "settings": {
            "vertsgm": "vertsgm/id_t1_b.json"
          }
        }
      }, 
      "signature": {
        "rect": [
          512, 
          236, 
          260, 
          125
        ], 
        "workflow": ":/signature_retriever/signature_retriever.json"
      }
    }, 
    "integrators": {
      "__default__": ":/integrator/default_rover_integrator.json", 
      "issue_date": ":/integrator/default_token_integrator.json", 
      "full_mrz": ":/integrator/default_mrz_integrator.json", 
      "expiry_date": ":/integrator/default_token_integrator.json"
    }, 
    "image_integrators": {
      "__default__": ":/integrator/default_image_integrator.json"
    }, 
    "config": "templates/kgz.id.type1.back.common.json", 
    "size": [
      856, 
      540
    ]
  }
}