{
  "kgz.id.type1:front": {
    "expected_fields": [
      "surname",
      "name",
      "patronymic",
      "number",
      "birth_date",
      "birth_place",
      "full_mrz"
    ],
    "fields": {
      "surname": {
        "scale": 2.0,
        "workflow": {
          "type": "common",
          "settings": {
            "custom_alphabet": "АБВГДЕЁЖЗИЙКЛМНОПРСТУФХЦЧШЩЫЪЬЭЮЯ -/'",
            "recstr": ":/recstr/kgz__rus_recstr.json"
          }
        }
      },
      "name": {
        "scale": 2.0,
        "workflow": {
          "type": "common",
          "settings": {
            "custom_alphabet": "АБВГДЕЁЖЗИЙКЛМНОПРСТУФХЦЧШЩЫЪЬЭЮЯ -/'",
            "recstr": ":/recstr/kgz__rus_recstr.json"
          }
        }
      },
      "id_number": {
        "scale": 1.8,
        "workflow": {
          "type": "common",
          "settings": {
            "custom_alphabet": "0123456789 ",
            "length": [14],
            "recstr": ":/recstr/app_001_ocrblike_nospacing.json"
          }
        }
      },
      "gender": {
        "scale": 2.0,
        "workflow": {
          "type": "common",
          "settings": {
            "custom_alphabet": "АБВГДЕЁЖЗИЙКЛМНОПРСТУФХЦЧШЩЫЪЬЭЮЯ -/'",
            "length": [1],
            "recstr": ":/recstr/kgz__rus_recstr.json"
          }
        }
      },
      "number": {
        "scale": 2.0,
        "workflow": {
          "type": "common",
          "settings": {
            "custom_alphabet": "ABCDEFGHIJKLMNOPQRSTUVWXYZ -.,/'\\\"123456789",
            "recstr": ":/recstr/111_eu_n0084_recstr.json"
          }
        }
      },
      "patronymic": {
        "scale": 2.0,
        "workflow": {
          "type": "common",
          "settings": {
            "custom_alphabet": "АБВГДЕЁЖЗИЙКЛМНОПРСТУФХЦЧШЩЫЪЬЭЮЯ -/'",
            "recstr": ":/recstr/kgz__rus_recstr.json"
          }
        }
      },
      "birth_place": {
        "scale": 2.0,
        "workflow": {
          "type": "common",
          "settings": {
            "custom_alphabet": "АБВГДЕЁЖЗИЙКЛМНОПРСТУФХЦЧШЩЪЫЬЭЮЯ -.,/'\\\"123456789IVLD",
            "recstr": ":/recstr/kgz__symbols_rus_recstr.json"
          }
        }
      },
      "photo": {"workflow": {"type": "image", "settings": {}}},
      "birth_date": {
        "scale": 2.0,
        "workflow": {
          "type": "common",
          "settings": {
            "custom_alphabet": "0123456789 .-",
            "recstr": ":/recstr/001__n0087_recstr.json"
          }
        }
      },
      "nationality": {
        "scale": 1.8,
        "workflow": {
          "type": "common",
          "settings": {
            "custom_alphabet": "АБВГДЕЁЖЗИЙКЛМНОПРСТУФХЦЧШЩЫЪЬЭЮЯ -/'",
            "recstr": ":/recstr/kgz__rus_recstr.json"
          }
        }
      }
    },
    "formatters": [
      {
        "formatter": ":/postprocessor/punctuation_stripper.json",
        "input_fields": ["surname"]
      },
      {"formatter": ":/postprocessor/punctuation_filter.json", "input_fields": ["name"]},
      {
        "formatter": ":/postprocessor/punctuation_filter.json",
        "input_fields": ["patronymic"]
      },
      {
        "formatter": ":/postprocessor/date/default_birth_date_DDMMYYYY_formatter.json",
        "input_fields": ["birth_date"]
      }
    ],
    "zones": {
      "photo_zone": {
        "rect": [25, 116, 251, 318],
        "workflow": ":/photo_retriever/common_objed_photo_retriever.json"
      },
      "data_zone": {
        "rect": [80, 170, 720, 370],
        "workflow": {"type": "common", "settings": {"vertsgm": "vertsgm/id_t1_f.json"}}
      }
    },
    "integrators": {
      "__default__": ":/integrator/default_rover_integrator.json",
      "birth_date": ":/integrator/default_token_integrator.json",
      "id_number": ":/integrator/default_token_integrator.json"
    },
    "image_integrators": {
      "__default__": ":/integrator/default_image_integrator.json",
      "photo": ":/integrator/default_photo_integrator.json"
    },
    "config": "templates/kgz.id.type1.front.common.json",
    "size": [856, 540]
  }
}