{
  "kgz.id.type2:front": {
    "expected_fields": [
      "surname",
      "name",
      "surname_eng",
      "name_eng",
      "patronymic",
      "gender",
      "gender_eng",
      "nationality",
      "birth_date",
      "number"
    ],
    "fields": {
      "surname": {
        "scale": 2.0,
        "workflow": {
          "type": "common",
          "settings": {
            "custom_alphabet": "АБВГДЕЁЖЗИЙКЛМНҢОӨПРСТУҮФХЦЧШЩЪЫЬЭЮЯ -.",
            "recstr": ":/recstr/kgz__fio_recstr.json"
          }
        }
      },
      "name": {
        "scale": 2.0,
        "workflow": {
          "type": "common",
          "settings": {
            "custom_alphabet": "АБВГДЕЁЖЗИЙКЛМНҢОӨПРСТУҮФХЦЧШЩЪЫЬЭЮЯ -.",
            "recstr": ":/recstr/kgz__fio_recstr.json"
          }
        }
      },
      "gender": {
        "scale": 2.0,
        "workflow": {
          "type": "common",
          "settings": {"recstr": ":/recstr/kgz__rus_eng_recstr.json"}
        }
      },
      "number": {
        "scale": 2.0,
        "workflow": {
          "type": "common",
          "settings": {
            "custom_alphabet": "ABCDEFGHIJKLMNOPQRSTUVWXYZ 123456789",
            "recstr": ":/recstr/111_eu_n0270_recstr.json"
          }
        }
      },
      "name_eng": {
        "scale": 2.0,
        "workflow": {
          "type": "common",
          "settings": {
            "custom_alphabet": "ABCDEFGHIJKLMNOPQRSTUVWXYZ -.",
            "recstr": ":/recstr/111_eu_n0133_recstr.json"
          }
        }
      },
      "expiry_date": {
        "scale": 2.0,
        "workflow": {
          "type": "common",
          "settings": {
            "custom_alphabet": "0123456789 .-",
            "recstr": ":/recstr/001__n0087_recstr.json"
          }
        }
      },
      "birth_date": {
        "scale": 2.0,
        "workflow": {
          "type": "common",
          "settings": {
            "custom_alphabet": "0123456789 .-",
            "recstr": ":/recstr/001__n0003_recstr.json"
          }
        }
      },
      "signature": {"workflow": {"type": "image", "settings": {}}},
      "patronymic": {
        "scale": 2.0,
        "workflow": {
          "type": "common",
          "settings": {
            "custom_alphabet": "АБВГДЕЁЖЗИЙКЛМНҢОӨПРСТУҮФХЦЧШЩЪЫЬЭЮЯ -.",
            "recstr": ":/recstr/kgz__fio_recstr.json"
          }
        }
      },
      "nationality": {
        "scale": 2.0,
        "workflow": {
          "type": "common",
          "settings": {
            "custom_alphabet": "АБВГДЕЁЖЗИЙКЛМНОПРСТУФХЦЧШЩЫЪЬЭЮЯ -/'",
            "recstr": ":/recstr/kgz__rus_recstr.json"
          }
        }
      },
      "surname_eng": {
        "scale": 2.0,
        "workflow": {
          "type": "common",
          "settings": {
            "custom_alphabet": "ABCDEFGHIJKLMNOPQRSTUVWXYZ -.",
            "recstr": ":/recstr/111_eu_n0133_recstr.json"
          }
        }
      },
      "photo": {"workflow": {"type": "image", "settings": {}}}
    },
    "formatters": [
      {
        "formatter": ":/postprocessor/punctuation_filter.json",
        "input_fields": ["gender"]
      },
      {"formatter": ":/postprocessor/punctuation_filter.json", "input_fields": ["name"]},
      {
        "formatter": ":/postprocessor/punctuation_stripper.json",
        "input_fields": ["surname"]
      },
      {
        "formatter": ":/postprocessor/punctuation_filter.json",
        "input_fields": ["name_eng"]
      },
      {
        "formatter": ":/postprocessor/punctuation_stripper.json",
        "input_fields": ["surname_eng"]
      },
      {"formatter": ":/postprocessor/spaces_filter.json", "input_fields": ["number"]},
      {
        "formatter": ":/postprocessor/date/default_birth_date_DDMMYYYY_formatter.json",
        "input_fields": ["birth_date"]
      },
      {
        "formatter": ":/postprocessor/date/default_expiry_date_DDMMYYYY_formatter.json",
        "input_fields": ["expiry_date"]
      }
    ],
    "zones": {
      "photo_zone": {
        "rect": [45, 140, 275, 335],
        "workflow": ":/photo_retriever/common_objed_photo_retriever.json"
      },
      "zone_1": {
        "rect": [580, 390, 190, 130],
        "workflow": {"type": "common", "settings": {"vertsgm": "vertsgm/id_t2_f1.json"}}
      },
      "zone": {
        "rect": [320, 120, 440, 400],
        "workflow": {"type": "common", "settings": {"vertsgm": "vertsgm/id_t2_f.json"}}
      },
      "signature": {
        "rect": [305, 450, 270, 75],
        "workflow": ":/signature_retriever/signature_retriever.json"
      }
    },
    "integrators": {
      "__default__": ":/integrator/default_rover_integrator.json",
      "birth_date": ":/integrator/default_token_integrator.json",
      "expiry_date": ":/integrator/default_token_integrator.json",
      "number": ":/integrator/default_token_integrator.json"
    },
    "image_integrators": {
      "__default__": ":/integrator/default_image_integrator.json",
      "photo": ":/integrator/default_photo_integrator.json"
    },
    "config": "templates/kgz.id.type2.front.common.json",
    "size": [856, 540]
  }
}