{
  "kgz.vrc.type1:front": {
    "config": "templates/kgz.vrc.type1.front.common.json", 
    "expected_fields": ["plate", "number", "model"], 
    "fields": {
      "capasity": {
        "scale": 1.6, 
        "workflow": {
          "settings": {
            "custom_alphabet": "0123456789 -/.", 
            "recstr": ":/recstr/001__n0102_recstr.json"
          }, 
          "type": "common"
        }
      }, 
      "car_body": {
        "scale": 1.6, 
        "workflow": {
          "settings": {
            "custom_alphabet": "ABCDEFGHIJKLMNOPQRSTUVWXYZ -.,/'\\\"123456789", 
            "recstr": ":/recstr/111_eu_n0044_recstr.json"
          }, 
          "type": "common"
        }
      }, 
      "chassis_number": {
        "scale": 1.6, 
        "workflow": {
          "settings": {
            "custom_alphabet": "ABCDEFGHIJKLMNOPQRSTUVWXYZ -.,/'\\\"123456789", 
            "recstr": ":/recstr/111_eu_n0044_recstr.json"
          }, 
          "type": "common"
        }
      }, 
      "class": {
        "scale": 1.4, 
        "workflow": {
          "settings": {
            "custom_alphabet": "ABCDEFGHIJKLMNOPQRSTUVWXYZ 123456789", 
            "recstr": ":/recstr/111_eu_n0072_recstr.json"
          }, 
          "type": "common"
        }
      }, 
      "colour": {
        "scale": 1.6, 
        "workflow": {
          "settings": {
            "custom_alphabet": "АБВГДЕЁЖЗИЙКЛМНОПРСТУФХЦЧШЩЪЫЬЭЮЯ. -", 
            "recstr": ":/recstr/kgz__vrc_text_recstr.json"
          }, 
          "type": "common"
        }
      }, 
      "cubic_capacity": {
        "scale": 1.6, 
        "workflow": {
          "settings": {
            "custom_alphabet": "0123456789 -/.", 
            "recstr": ":/recstr/001__n0102_recstr.json"
          }, 
          "type": "common"
        }
      }, 
      "engine": {
        "scale": 1.6, 
        "workflow": {
          "settings": {
            "custom_alphabet": "ABCDEFGHIJKLMNOPQRSTUVWXYZ -.,/'\\\"123456789", 
            "recstr": ":/recstr/111_eu_n0044_recstr.json"
          }, 
          "type": "common"
        }
      }, 
      "engine_power": {
        "scale": 1.6, 
        "workflow": {
          "settings": {
            "custom_alphabet": "0123456789 -/.", 
            "recstr": ":/recstr/001__n0102_recstr.json"
          }, 
          "type": "common"
        }
      }, 
      "model": {
        "scale": 1.6, 
        "workflow": {
          "settings": {
            "custom_alphabet": "ABCDEFGHIJKLMNOPQRSTUVWXYZ -.,/'\\\"123456789", 
            "recstr": ":/recstr/111_eu_n0044_recstr.json"
          }, 
          "type": "common"
        }
      }, 
      "number": {
        "scale": 1.5, 
        "workflow": {
          "settings": {
            "custom_alphabet": "0123456789 -/.", 
            "recstr": ":/recstr/001__n0102_recstr.json"
          }, 
          "type": "common"
        }
      }, 
      "plate": {
        "scale": 1.4, 
        "workflow": {
          "settings": {
            "custom_alphabet": "ABCDEFGHIJKLMNOPQRSTUVWXYZ -.,/'\\\"123456789", 
            "recstr": ":/recstr/111_eu_n0044_recstr.json"
          }, 
          "type": "common"
        }
      }, 
      "type": {
        "scale": 1.4, 
        "workflow": {
          "settings": {
            "custom_alphabet": "АБВГДЕЁЖЗИЙКЛМНОПРСТУФХЦЧШЩЪЫЬЭЮЯ. -", 
            "recstr": ":/recstr/kgz__vrc_text_recstr.json"
          }, 
          "type": "common"
        }
      }, 
      "vin": {
        "scale": 1.6, 
        "workflow": {
          "settings": {
            "custom_alphabet": "ABCDEFGHIJKLMNOPQRSTUVWXYZ -.,/'\\\"123456789", 
            "recstr": ":/recstr/111_eu_n0044_recstr.json"
          }, 
          "type": "common"
        }
      }, 
      "year_of_manufacture": {
        "scale": 1.6, 
        "workflow": {
          "settings": {
            "custom_alphabet": "0123456789 -/.", 
            "recstr": ":/recstr/001__n0102_recstr.json"
          }, 
          "type": "common"
        }
      }
    }, 
    "formatters": [
      {
        "formatter": ":/postprocessor/punctuation_filter.json", 
        "input_fields": ["plate"]
      }, 
      {
        "formatter": ":/postprocessor/punctuation_filter.json", 
        "input_fields": ["number"]
      }, 
      {
        "formatter": ":/postprocessor/punctuation_filter.json", 
        "input_fields": ["cubic_capacity"]
      }, 
      {
        "formatter": ":/postprocessor/punctuation_filter.json", 
        "input_fields": ["year_of_manufacture"]
      }, 
      {
        "formatter": ":/postprocessor/spaces_filter.json", 
        "input_fields": ["chassis_number"]
      }, 
      {"formatter": ":/postprocessor/spaces_filter.json", "input_fields": ["car_body"]}
    ], 
    "image_integrators": {"__default__": ":/integrator/default_image_integrator.json"}, 
    "integrators": {
      "__default__": ":/integrator/default_rover_integrator.json", 
      "cubic_capacity": ":/integrator/default_token_integrator.json", 
      "number": ":/integrator/default_token_integrator.json", 
      "year_of_manufacture": ":/integrator/default_token_integrator.json"
    }, 
    "size": [740, 1050], 
    "zones": {
      "zone": {
        "rect": [0, 270, 740, 780], 
        "workflow": {"settings": {"vertsgm": "vertsgm/vrc_t1_f.json"}, "type": "common"}
      }
    }
  }
}