{
  "kgz.drvlic.type1:front": {
    "expected_fields": [
      "issue_date",
      "last_name",
      "name",
      "id_number",
      "number",
      "authority",
      "expiry_date",
      "birth_place",
      "address",
      "birth_date"
    ],
    "fields": {
      "last_name": {
        "scale": 1.9,
        "workflow": {
          "type": "common",
          "settings": {
            "custom_alphabet": "АБВГДЕЁЖЗИЙКЛМНОПРСТУФХЦЧШЩЪЫЬЭЮЯ123456789 ().-/",
            "recstr": ":/recstr/kgz.drvlic__fio_recstr.json"
          }
        }
      },
      "id_number": {
        "scale": 1.9,
        "workflow": {
          "type": "common",
          "settings": {
            "custom_alphabet": "0123456789 ",
            "recstr": ":/recstr/001__n0003_recstr.json"
          }
        }
      },
      "photo": {"workflow": {"type": "image", "settings": {}}},
      "number": {
        "scale": 2.0,
        "workflow": {
          "type": "common",
          "settings": {
            "custom_alphabet": "0123456789 ",
            "recstr": ":/recstr/001__n0018_recstr.json"
          }
        }
      },
      "authority": {
        "scale": 2.0,
        "workflow": {
          "type": "common",
          "settings": {
            "custom_alphabet": "ABCDEFGHIJKLMNOPQRSTUVWXYZ -.,/'\\\"123456789",
            "recstr": ":/recstr/111_eu_n0100_recstr.json"
          }
        }
      },
      "birth_date_and_birth_place": {
        "scale": 1.9,
        "workflow": {
          "type": "common",
          "settings": {
            "custom_alphabet": "АБВГДЕЁЖЗИЙКЛМНОOПРСТУФХЦЧШЩЪЫЬЭЮЯ1234567890 .-//",
            "recstr": ":/recstr/kgz.drvlic__birth_place_recstr.json"
          }
        }
      },
      "birth_place": {
        "scale": 1.6,
        "workflow": {
          "type": "common",
          "settings": {
            "custom_alphabet": "АБВГДЕЁЖЗИЙКЛМНОПРСТУФХЦЧШЩЪЫЬЭЮЯ123456789 ().-/",
            "recstr": ":/recstr/kgz.drvlic__birth_place_recstr.json"
          }
        }
      },
      "patronymic": {
        "scale": 1.9,
        "workflow": {
          "type": "common",
          "settings": {
            "custom_alphabet": "АБВГДЕЁЖЗИЙКЛМНОПРСТУФХЦЧШЩЪЫЬЭЮЯ123456789 ().-/",
            "recstr": ":/recstr/kgz.drvlic__fio_recstr.json"
          }
        }
      },
      "issue_date": {
        "scale": 1.9,
        "workflow": {
          "type": "common",
          "settings": {
            "custom_alphabet": "0123456789 .-",
            "recstr": ":/recstr/001__n0087_recstr.json"
          }
        }
      },
      "address_eng": {
        "scale": 1.9,
        "workflow": {
          "type": "common",
          "settings": {
            "custom_alphabet": "ABCDEFGHIJKLMNOPQRSTUVWXYZ -/,.0123456789",
            "recstr": ":/recstr/111_eu_n0054_recstr.json"
          }
        }
      },
      "name_eng": {
        "scale": 1.9,
        "workflow": {
          "type": "common",
          "settings": {
            "custom_alphabet": "ABCDEFGHIJKLMNOPQRSTUVWXYZ -/",
            "recstr": ":/recstr/111_eu_n0006_recstr.json"
          }
        }
      },
      "blood_type": {
        "scale": 1.9,
        "workflow": {
          "type": "common",
          "settings": {
            "custom_alphabet": "ABIHOR-+() ",
            "recstr": ":/recstr/111_eu_n0006_recstr.json"
          }
        }
      },
      "expiry_date": {
        "scale": 1.9,
        "workflow": {
          "type": "common",
          "settings": {
            "custom_alphabet": "ABCDEFGHIJKLMNOPQRSTUVWXYZ -/,.0123456789",
            "recstr": ":/recstr/111_eu_n0006_recstr.json"
          }
        }
      },
      "birth_date_and_birth_place_eng": {
        "scale": 1.9,
        "workflow": {
          "type": "common",
          "settings": {
            "custom_alphabet": "ABCDEFGHIJKLMNOPQRSTUVWXYZ -/012346789",
            "recstr": ":/recstr/111_eu_n0006_recstr.json"
          }
        }
      },
      "address": {
        "scale": 1.9,
        "workflow": {
          "type": "common",
          "settings": {
            "custom_alphabet": "АБВГДЕЁЖЗИЙКЛМНОПРСТУФХЦЧШЩЪЫЬЭЮЯ123456789 ().-/",
            "recstr": ":/recstr/kgz.drvlic__address_recstr.json"
          }
        }
      },
      "residence_eng": {
        "scale": 1.9,
        "workflow": {
          "type": "common",
          "settings": {
            "custom_alphabet": "0123456789 .-",
            "recstr": ":/recstr/001__n0017_recstr.json"
          }
        }
      },
      "categories": {
        "scale": 1.6,
        "workflow": {
          "type": "common",
          "settings": {
            "custom_alphabet": "АБВГДЕЁЖЗИЙКЛМНОПРСТУФХЦЧШЩЪЫЬЭЮЯ123456789 ().-/",
            "recstr": ":/recstr/kgz.drvlic__birth_place_recstr.json"
          }
        }
      },
      "name": {
        "scale": 1.9,
        "workflow": {
          "type": "common",
          "settings": {
            "custom_alphabet": "АБВГДЕЁЖЗИЙКЛМНОПРСТУФХЦЧШЩЪЫЬЭЮЯ123456789 ().-/",
            "recstr": ":/recstr/kgz.drvlic__fio_recstr.json"
          }
        }
      },
      "residence": {
        "scale": 1.9,
        "workflow": {
          "type": "common",
          "settings": {
            "custom_alphabet": "АБВГДЕЁЖЗИЙКЛМНОПРСТУФХЦЧШЩЪЫЬЭЮЯ123456789 ().,-/",
            "recstr": ":/recstr/kgz.drvlic__address_recstr.json"
          }
        }
      },
      "signature": {"workflow": {"type": "image", "settings": {}}},
      "birth_date": {
        "scale": 1.9,
        "workflow": {
          "type": "common",
          "settings": {
            "custom_alphabet": "0123456789 .-",
            "recstr": ":/recstr/app_001_ocrblike_spacing.json"
          }
        }
      },
      "birth_place_eng": {
        "scale": 1.9,
        "workflow": {
          "type": "common",
          "settings": {
            "custom_alphabet": "0123456789 ",
            "recstr": ":/recstr/app_001_ocrblike_spacing.json"
          }
        }
      },
      "last_name_eng": {
        "scale": 1.9,
        "workflow": {
          "type": "common",
          "settings": {
            "custom_alphabet": "ABCDEFGHIJKLMNOPQRSTUVWXYZ -/",
            "recstr": ":/recstr/111_eu_n0006_recstr.json"
          }
        }
      }
    },
    "formatters": [
      {
        "formatter": ":/postprocessor/date/default_issue_date_DDMMYYYY_formatter.json",
        "input_fields": ["issue_date"]
      },
      {
        "output_fields": ["birth_date", "birth_place"],
        "formatter": "postprocessors/bplace_and_bdate_formatter.json",
        "input_fields": ["birth_date_and_birth_place"]
      },
      {
        "output_fields": ["birth_place_eng"],
        "formatter": "postprocessors/bplace_eng_and_bdate_formatter.json",
        "input_fields": ["birth_date_and_birth_place_eng"]
      },
      {
        "output_fields": ["last_name", "trash"],
        "formatter": {
          "type": "splitter",
          "settings": {
            "input_field": "last_name",
            "separator": " /",
            "output_fields_sequence": ["last_name", "trash"]
          }
        },
        "input_fields": ["last_name"]
      },
      {
        "formatter": ":/postprocessor/date/default_expiry_date_DDMMYYYY_formatter.json",
        "input_fields": ["expiry_date"]
      }
    ],
    "zones": {
      "zones": {
        "rect": [50, 110, 800, 400],
        "workflow": {
          "type": "common",
          "settings": {"vertsgm": "vertsgm/drv_t1_zones.json"}
        }
      },
      "eng_zones": {
        "rect": [50, 110, 800, 400],
        "workflow": {
          "type": "common",
          "settings": {"vertsgm": "vertsgm/drv_t1_eng_zones.json"}
        }
      },
      "photo_zone": {
        "rect": [25, 110, 265, 300],
        "workflow": ":/photo_retriever/common_objed_photo_retriever.json"
      },
      "signature": {
        "rect": [525, 405, 330, 120],
        "workflow": {
          "type": "image_retriever",
          "settings": {"output_field_name": "signature"}
        }
      }
    },
    "integrators": {
      "issue_date": ":/integrator/default_token_integrator.json",
      "id_number": ":/integrator/default_token_integrator.json",
      "number": ":/integrator/default_token_integrator.json",
      "birth_date": ":/integrator/default_token_integrator.json",
      "expiry_date": ":/integrator/default_token_integrator.json",
      "__default__": ":/integrator/default_rover_integrator.json"
    },
    "image_integrators": {
      "__default__": ":/integrator/default_image_integrator.json",
      "photo": ":/integrator/default_photo_integrator.json"
    },
    "config": "templates/kgz.drvlic.type1.front.common.json",
    "size": [856, 540]
  }
}