{
  "kgz.passport.type1:main": {
    "expected_fields": [
      "issue_date",
      "last_name",
      "name",
      "id_number",
      "number",
      "full_mrz",
      "gender",
      "birth_date",
      "expiry_date"
    ],
    "fields": {
      "issue_date": {
        "scale": 2.8,
        "workflow": {
          "type": "common",
          "settings": {
            "custom_alphabet": "0123456789 .-",
            "recstr": ":/recstr/001__n0075_recstr.json"
          }
        }
      },
      "last_name": {
        "scale": 2.8,
        "workflow": {
          "type": "common",
          "settings": {
            "custom_alphabet": "ABCDEFGHIJKLMNOPQRSTUVWXYZ -.",
            "recstr": ":/recstr/111_eu_n0340_recstr.json"
          }
        }
      },
      "name": {
        "scale": 2.8,
        "workflow": {
          "type": "common",
          "settings": {
            "custom_alphabet": "ABCDEFGHIJKLMNOPQRSTUVWXYZ -.",
            "recstr": ":/recstr/111_eu_n0340_recstr.json"
          }
        }
      },
      "id_number": {
        "scale": 2.8,
        "workflow": {
          "type": "common",
          "settings": {
            "custom_alphabet": "0123456789 ",
            "recstr": ":/recstr/app_001_ocrblike_spacing.json"
          }
        }
      },
      "photo": {"workflow": {"type": "image", "settings": {}}},
      "signature": {"workflow": {"type": "image", "settings": {}}},
      "type": {
        "scale": 2.8,
        "workflow": ":/field_processors/passport_type_processor.json"
      },
      "number": {
        "scale": 2.8,
        "workflow": {
          "type": "common",
          "settings": {
            "custom_alphabet": "ABCDEFGHIJKLMNOPQRSTUVWXYZ 123456789",
            "recstr": ":/recstr/111_eu_n0114_recstr.json"
          }
        }
      },
      "authority": {
        "scale": 2.8,
        "workflow": {
          "type": "common",
          "settings": {
            "custom_alphabet": "ABCDEFGHIJKLMNOPQRSTUVWXYZ -.",
            "recstr": ":/recstr/111_eu_n0340_recstr.json"
          }
        }
      },
      "expiry_date": {
        "scale": 2.8,
        "workflow": {
          "type": "common",
          "settings": {
            "custom_alphabet": "0123456789 .-",
            "recstr": ":/recstr/001__n0018_recstr.json"
          }
        }
      },
      "birth_place": {
        "scale": 2.8,
        "workflow": {
          "type": "common",
          "settings": {
            "custom_alphabet": "ABCDEFGHIJKLMNOPQRSTUVWXYZ -.",
            "recstr": ":/recstr/111_eu_n0340_recstr.json"
          }
        }
      },
      "gender": {
        "scale": 2.8,
        "workflow": {
          "type": "common",
          "settings": {
            "custom_alphabet": "ABCDEFGHIJKLMNOPQRSTUVWXYZ -.",
            "recstr": ":/recstr/111_eu_n0340_recstr.json"
          }
        }
      },
      "birth_date": {
        "scale": 2.8,
        "workflow": {
          "type": "common",
          "settings": {
            "custom_alphabet": "0123456789 .-",
            "recstr": ":/recstr/001__n0075_recstr.json"
          }
        }
      },
      "mrz2_line1": {"workflow": {"type": "dummy"}},
      "nationality": {
        "scale": 2.8,
        "workflow": {
          "type": "common",
          "settings": {
            "custom_alphabet": "ABCDEFGHIJKLMNOPQRSTUVWXYZ -.",
            "recstr": ":/recstr/111_eu_n0340_recstr.json"
          }
        }
      },
      "mrz2_line2": {"workflow": {"type": "dummy"}}
    },
    "formatters": [
      ":/postprocessor/mrz/mrz_formatter_slot.json",
      {
        "formatter": ":/postprocessor/punctuation_filter.json",
        "input_fields": ["gender"]
      },
      {"formatter": ":/postprocessor/spaces_filter.json", "input_fields": ["id_number"]},
      {"formatter": ":/postprocessor/spaces_filter.json", "input_fields": ["number"]},
      {
        "formatter": ":/postprocessor/date/default_birth_date_DDMMYYYY_formatter.json",
        "input_fields": ["birth_date"]
      },
      {
        "formatter": ":/postprocessor/date/default_issue_date_DDMMYYYY_formatter.json",
        "input_fields": ["issue_date"]
      },
      {
        "formatter": ":/postprocessor/date/default_expiry_date_DDMMYYYY_formatter.json",
        "input_fields": ["expiry_date"]
      }
    ],
    "zones": {
      "mrz_zone": {
        "size_override": [1200, 177],
        "rect": [0, 427, 800, 118],
        "workflow": {
          "type": "mrz",
          "settings": {
            "supported_document_types": ["mrz.mrp"],
            "mrz_search_tplfinder": ":/mrz-data/mrz_tplfinder_config_anywhere.json",
            "engine_settings_path": ":/mrz-data/mrzapi_engine.json",
            "perform_mrz_search": true
          }
        }
      },
      "photo_zone": {
        "rect": [10, 50, 280, 380],
        "workflow": ":/photo_retriever/common_objed_photo_retriever.json"
      },
      "zone": {
        "rect": [30, 90, 760, 330],
        "workflow": {
          "type": "common",
          "settings": {"vertsgm": "vertsgm/pass_t1_zones.json"}
        }
      },
      "signature": {
        "rect": [570, 289, 207, 50],
        "workflow": ":/signature_retriever/signature_retriever.json"
      }
    },
    "integrators": {
      "issue_date": ":/integrator/default_token_integrator.json",
      "id_number": ":/integrator/default_token_integrator.json",
      "__default__": ":/integrator/default_rover_integrator.json",
      "expiry_date": ":/integrator/default_token_integrator.json",
      "birth_date": ":/integrator/default_token_integrator.json",
      "full_mrz": ":/integrator/default_mrz_integrator.json"
    },
    "image_integrators": {
      "__default__": ":/integrator/default_image_integrator.json",
      "photo": ":/integrator/default_photo_integrator.json"
    },
    "config": "templates/kgz.passport.type1.main.common.json",
    "size": [800, 540]
  }
}