{
  "kgz.vrc.type1:back": {
    "config": "templates/kgz.vrc.type1.back.common.json", 
    "expected_fields": ["authority", "issue_date"], 
    "fields": {
      "authority": {
        "scale": 1.5, 
        "workflow": {
          "settings": {
            "custom_alphabet": "АБВГДЕЁЖЗИЙКЛМНОПРСТУФХЦЧШЩЪЫЬЭЮЯ. -", 
            "deshearer": "mixangler/common.json", 
            "recstr": ":/recstr/kgz__vrc_text_recstr.json"
          }, 
          "type": "common"
        }
      }, 
      "co_holder0": {
        "scale": 1.5, 
        "workflow": {
          "settings": {
            "custom_alphabet": "АБВГДЕЁЖЗИЙКЛМНОПРСТУФХЦЧШЩЪЫЬЭЮЯ. -", 
            "recstr": ":/recstr/kgz__vrc_text_recstr.json"
          }, 
          "type": "common"
        }
      }, 
      "co_holder1": {
        "scale": 1.5, 
        "workflow": {
          "settings": {
            "custom_alphabet": "АБВГДЕЁЖЗИЙКЛМНОПРСТУФХЦЧШЩЪЫЬЭЮЯ. -", 
            "recstr": ":/recstr/kgz__vrc_text_recstr.json"
          }, 
          "type": "common"
        }
      }, 
      "holder0": {
        "scale": 1.5, 
        "workflow": {
          "settings": {
            "custom_alphabet": "АБВГДЕЁЖЗИЙКЛМНОПРСТУФХЦЧШЩЪЫЬЭЮЯ. -", 
            "recstr": ":/recstr/kgz__vrc_text_recstr.json"
          }, 
          "type": "common"
        }
      }, 
      "holder1": {
        "scale": 1.5, 
        "workflow": {
          "settings": {
            "custom_alphabet": "АБВГДЕЁЖЗИЙКЛМНОПРСТУФХЦЧШЩЪЫЬЭЮЯ. -", 
            "recstr": ":/recstr/kgz__vrc_text_recstr.json"
          }, 
          "type": "common"
        }
      }, 
      "issue_date": {
        "scale": 1.5, 
        "workflow": {
          "settings": {
            "custom_alphabet": "0123456789 -/.", 
            "recstr": ":/recstr/001__n0102_recstr.json"
          }, 
          "type": "common"
        }
      }, 
      "max_mass": {
        "scale": 1.5, 
        "workflow": {
          "settings": {
            "custom_alphabet": "0123456789 -/.", 
            "recstr": ":/recstr/001__n0102_recstr.json"
          }, 
          "type": "common"
        }
      }, 
      "place_of_registration0": {
        "scale": 1.5, 
        "workflow": {
          "settings": {
            "custom_alphabet": "АБВГДЕЁЖЗИЙКЛМНОПРСТУФХЦЧШЩЪЫЬЭЮЯ. -", 
            "deshearer": "mixangler/common.json", 
            "recstr": ":/recstr/kgz__vrc_text_recstr.json"
          }, 
          "type": "common"
        }
      }, 
      "place_of_registration1": {
        "scale": 1.5, 
        "workflow": {
          "settings": {
            "custom_alphabet": "АБВГДЕЁЖЗИЙКЛМНОПРСТУФХЦЧШЩЪЫЬЭЮЯ. -", 
            "deshearer": "mixangler/common.json", 
            "recstr": ":/recstr/kgz__vrc_text_recstr.json"
          }, 
          "type": "common"
        }
      }, 
      "place_of_registration2": {
        "scale": 1.5, 
        "workflow": {
          "settings": {
            "custom_alphabet": "АБВГДЕЁЖЗИЙКЛМНОПРСТУФХЦЧШЩЪЫЬЭЮЯ. -", 
            "deshearer": "mixangler/common.json", 
            "recstr": ":/recstr/kgz__vrc_text_recstr.json"
          }, 
          "type": "common"
        }
      }, 
      "place_of_registration3": {
        "scale": 1.5, 
        "workflow": {
          "settings": {
            "custom_alphabet": "АБВГДЕЁЖЗИЙКЛМНОПРСТУФХЦЧШЩЪЫЬЭЮЯ. -", 
            "deshearer": "mixangler/common.json", 
            "recstr": ":/recstr/kgz__vrc_text_recstr.json"
          }, 
          "type": "common"
        }
      }, 
      "vehicle_mass": {
        "scale": 1.5, 
        "workflow": {
          "settings": {
            "custom_alphabet": "0123456789 -/.", 
            "recstr": ":/recstr/001__n0102_recstr.json"
          }, 
          "type": "common"
        }
      }
    }, 
    "formatters": [
      {
        "formatter": ":/postprocessor/date/default_issue_date_DDMMYY_formatter.json", 
        "input_fields": ["issue_date"]
      }, 
      {
        "allow_incomplete_inputs": true, 
        "formatter": {
          "settings": {
            "input_fields_sequence": [
              "place_of_registration0", 
              "place_of_registration1", 
              "place_of_registration2", 
              "place_of_registration3"
            ], 
            "output_field": "place_of_registration", 
            "separator": " "
          }, 
          "type": "merge"
        }, 
        "input_fields": [
          "place_of_registration0", 
          "place_of_registration1", 
          "place_of_registration2", 
          "place_of_registration3"
        ], 
        "output_fields": ["place_of_registration"]
      }, 
      {
        "allow_incomplete_inputs": true, 
        "formatter": {
          "settings": {
            "input_fields_sequence": ["holder0", "holder1"], 
            "output_field": "holder", 
            "separator": " "
          }, 
          "type": "merge"
        }, 
        "input_fields": ["holder0", "holder1"], 
        "output_fields": ["holder"]
      }, 
      {
        "allow_incomplete_inputs": true, 
        "formatter": {
          "settings": {
            "input_fields_sequence": ["co_holder0", "co_holder1"], 
            "output_field": "co_holder", 
            "separator": " "
          }, 
          "type": "merge"
        }, 
        "input_fields": ["co_holder0", "co_holder1"], 
        "output_fields": ["co_holder"]
      }
    ], 
    "image_integrators": {"__default__": ":/integrator/default_image_integrator.json"}, 
    "integrators": {
      "__default__": ":/integrator/default_rover_integrator.json", 
      "issue_date": ":/integrator/default_token_integrator.json"
    }, 
    "size": [740, 1050], 
    "zones": {
      "zone": {
        "rect": [20, 50, 720, 680], 
        "workflow": {"settings": {"vertsgm": "vertsgm/vrc_t1_b.json"}, "type": "common"}
      }
    }
  }
}