{
  "common_options": {},
  "documents": [
    "docs/kgz/kgz.id.type1.json",
    "docs/kgz/kgz.id.type2.json",
    "docs/kgz/kgz.drvlic.type1.json",
    "docs/kgz/kgz.passport.type1.json",
    "docs/kgz/kgz.vrc.type1.json"
  ],
  "engines": {
    "smartid": {
      "doctypes": [
        "kgz.id.type1",
        "kgz.id.type2",
        "kgz.drvlic.type1",
        "kgz.passport.type1",
        "kgz.vrc.type1"
      ],
      "options": {
        "extractFieldImages": "false",
        "extractPhoto": "true",
        "extractTemplateImages": "false"
      },
      "path": "kgz.json",
      "type": "smartid_engine"
    }
  },
  "tplfinder": "docs/kgz/common_tplfinder_config_mobile.json",
  "type": "smartid_bundle"
}