{
  "filter_spaces": true, 
  "linesgm": {
    "settings": {
      "allowable_expand": 1.2, 
      "blines_padding": 0.125, 
      "fcr": {
        "autocontrast": false, 
        "layer_applier": {"nn_path": "netdata/final/synthetic/mlang/eu_111_all_fcr.pb"}, 
        "scale_x": 0.75, 
        "y_padding": [0.75, 0.75]
      }, 
      "fcr_only": true, 
      "font_depth": {" ": [0.8, 1], "MW": [0.6, 1.5], "~": [0.3, 1.2]}, 
      "layer_applier": {"nn_path": "cuts_nn/sgm_rus_eng.pb"}, 
      "sgm_nn_weight": 0.5, 
      "vert_correction": false
    }, 
    "type": "simple"
  }, 
  "normalize_spaces": true
}