{
  "filter_spaces": true, 
  "linesgm": {
    "settings": {
      "allowable_expand": 1.3, 
      "blines_padding": 0.15, 
      "fcr": {
        "autocontrast": false, 
        "layer_applier": {
          "nn_path": "netdata/final/synthetic/mlang/cyrillic_111_all_fcr.pb"
        }, 
        "scale_x": 0.75, 
        "y_padding": [0.75, 0.75]
      }, 
      "fcr_only": true, 
      "font_depth": {
        " ": [0.25, 0.8], 
        ".,": [0.15, 0.4], 
        "~": [0.55, 1.0], 
        "ЖШЩ": [1.0, 1.5], 
        "ОМЮЫ": [0.8, 1.3]
      }, 
      "layer_applier": {"nn_path": "cuts_nn/sgm_rus.pb"}, 
      "sgm_nn_weight": 0.5, 
      "vert_correction": true
    }, 
    "type": "simple"
  }, 
  "normalize_spaces": true
}