{
  "linesgm": {
    "settings": {
      "allowable_expand": 1.3, 
      "blines_padding": 0.2, 
      "font_depth": [[0.2, 1.5]], 
      "layer_applier": {"nn_path": "cuts_nn/sgm_rus_eng.pb"}, 
      "ocrengine": {
        "settings": {
          "autocontrast": true, 
          "recognizer_path": ":/recstr/netdata/final/synthetic/mlang/rus_eng_101.pb"
        }, 
        "type": "native"
      }, 
      "padding_x": 0.07, 
      "padding_y": 0.07, 
      "sgm_nn_weight": 0.5, 
      "vert_correction": true
    }, 
    "type": "simple"
  }, 
  "normalize_spaces": true
}