{
"latin": [
{ "symbol": 192, "variants": ["A"]},
{ "symbol": 193, "variants": ["A"]},
{ "symbol": 194, "variants": ["A"]},
{ "symbol": 195, "variants": ["A"]},
{ "symbol": 196, "variants": ["AE", "A"]},
{ "symbol": 197, "variants": ["AA", "A"]},
{ "symbol": 198, "variants": ["AE"]},
{ "symbol": 199, "variants": ["C"]},
{ "symbol": 200, "variants": ["E"]},
{ "symbol": 201, "variants": ["E"]},
{ "symbol": 202, "variants": ["E"]},
{ "symbol": 203, "variants": ["E"]},
{ "symbol": 204, "variants": ["I"]},
{ "symbol": 205, "variants": ["I"]},
{ "symbol": 206, "variants": ["I"]},
{ "symbol": 207, "variants": ["I"]},
{ "symbol": 208, "variants": ["D"]},
{ "symbol": 209, "variants": ["N", "NXX"]},
{ "symbol": 210, "variants": ["O"]},
{ "symbol": 211, "variants": ["O"]},
{ "symbol": 212, "variants": ["O"]},
{ "symbol": 213, "variants": ["O"]},
{ "symbol": 214, "variants": ["OE", "O"]},
{ "symbol": 216, "variants": ["OE"]},
{ "symbol": 217, "variants": ["U"]},
{ "symbol": 218, "variants": ["U"]},
{ "symbol": 219, "variants": ["U"]},
{ "symbol": 220, "variants": ["UE", "U", "UXX"]},
{ "symbol": 221, "variants": ["Y"]},
{ "symbol": 222, "variants": ["TH"]},
{ "symbol": 223, "variants": ["SS"]},
{ "symbol": 256, "variants": ["A"]},
{ "symbol": 258, "variants": ["A"]},
{ "symbol": 260, "variants": ["A"]},
{ "symbol": 262, "variants": ["C"]},
{ "symbol": 264, "variants": ["C"]},
{ "symbol": 266, "variants": ["C"]},
{ "symbol": 268, "variants": ["C"]},
{ "symbol": 270, "variants": ["D"]},
{ "symbol": 272, "variants": ["D"]},
{ "symbol": 274, "variants": ["E"]},
{ "symbol": 276, "variants": ["E"]},
{ "symbol": 278, "variants": ["E"]},
{ "symbol": 280, "variants": ["E"]},
{ "symbol": 282, "variants": ["E"]},
{ "symbol": 284, "variants": ["G"]},
{ "symbol": 286, "variants": ["G"]},
{ "symbol": 288, "variants": ["G"]},
{ "symbol": 290, "variants": ["G"]},
{ "symbol": 292, "variants": ["H"]},
{ "symbol": 294, "variants": ["H"]},
{ "symbol": 296, "variants": ["I"]},
{ "symbol": 298, "variants": ["I"]},
{ "symbol": 300, "variants": ["I"]},
{ "symbol": 302, "variants": ["I"]},
{ "symbol": 304, "variants": ["I"]},
{ "symbol": 305, "variants": ["I"]},
{ "symbol": 306, "variants": ["IJ"]},
{ "symbol": 308, "variants": ["J"]},
{ "symbol": 310, "variants": ["K"]},
{ "symbol": 313, "variants": ["L"]},
{ "symbol": 315, "variants": ["L"]},
{ "symbol": 317, "variants": ["L"]},
{ "symbol": 319, "variants": ["L"]},
{ "symbol": 321, "variants": ["L"]},
{ "symbol": 323, "variants": ["N"]},
{ "symbol": 325, "variants": ["N"]},
{ "symbol": 327, "variants": ["N"]},
{ "symbol": 330, "variants": ["N"]},
{ "symbol": 332, "variants": ["O"]},
{ "symbol": 334, "variants": ["O"]},
{ "symbol": 336, "variants": ["O"]},
{ "symbol": 338, "variants": ["OE"]},
{ "symbol": 340, "variants": ["R"]},
{ "symbol": 342, "variants": ["R"]},
{ "symbol": 344, "variants": ["R"]},
{ "symbol": 346, "variants": ["S"]},
{ "symbol": 348, "variants": ["S"]},
{ "symbol": 350, "variants": ["S"]},
{ "symbol": 352, "variants": ["S"]},
{ "symbol": 354, "variants": ["T"]},
{ "symbol": 356, "variants": ["T"]},
{ "symbol": 358, "variants": ["T"]},
{ "symbol": 360, "variants": ["U"]},
{ "symbol": 362, "variants": ["U"]},
{ "symbol": 364, "variants": ["U"]},
{ "symbol": 366, "variants": ["U"]},
{ "symbol": 368, "variants": ["U"]},
{ "symbol": 370, "variants": ["U"]},
{ "symbol": 372, "variants": ["W"]},
{ "symbol": 374, "variants": ["Y"]},
{ "symbol": 376, "variants": ["Y"]},
{ "symbol": 377, "variants": ["Z"]},
{ "symbol": 379, "variants": ["Z"]},
{ "symbol": 381, "variants": ["Z"]}
],
"cyrillic": [
{ "symbol": 1025, "variants": ["E"], "case": { "lang":["blr"], "val": "IO", "place":"any"}},
{ "symbol": 1026, "variants": ["D"]},
{ "symbol": 1028, "variants": ["IE"], "case": { "lang":["ukr"], "val": "YE", "place":"first"}},
{ "symbol": 1029, "variants": ["DZ"]},
{ "symbol": 1030, "variants": ["I"]},
{ "symbol": 1031, "variants": ["I"], "case": { "lang":["ukr"], "val": "YI", "place":"first"}},
{ "symbol": 1032, "variants": ["J"]},
{ "symbol": 1033, "variants": ["LJ"]},
{ "symbol": 1034, "variants": ["NJ"]},
{ "symbol": 1036, "variants": ["K"], "case": { "lang":["mkd"], "val": "KJ", "place":"any"}},
{ "symbol": 1038, "variants": ["U"]},
{ "symbol": 1039, "variants": ["DZ"], "case": { "lang":["mkd"], "val": "DJ", "place":"any"}},
{ "symbol": 1040, "variants": ["A"]},
{ "symbol": 1041, "variants": ["B"]},
{ "symbol": 1042, "variants": ["V"]},
{ "symbol": 1043, "variants": ["G"], "case": { "lang":["blr", "srb", "ukr"], "val": "H", "place":"any"}},
{ "symbol": 1044, "variants": ["D"]},
{ "symbol": 1045, "variants": ["E"]},
{ "symbol": 1046, "variants": ["ZH"], "case": { "lang":["srb"], "val": "Z", "place":"any"}},
{ "symbol": 1047, "variants": ["Z"]},
{ "symbol": 1048, "variants": ["I"], "case": { "lang":["ukr"], "val": "Y", "place":"any"}},
{ "symbol": 1049, "variants": ["I"], "case": { "lang":["ukr"], "val": "Y", "place":"first"}},
{ "symbol": 1050, "variants": ["K"]},
{ "symbol": 1051, "variants": ["L"]},
{ "symbol": 1052, "variants": ["M"]},
{ "symbol": 1053, "variants": ["N"]},
{ "symbol": 1054, "variants": ["O"]},
{ "symbol": 1055, "variants": ["P"]},
{ "symbol": 1056, "variants": ["R"]},
{ "symbol": 1057, "variants": ["S"]},
{ "symbol": 1058, "variants": ["T"]},
{ "symbol": 1059, "variants": ["U"]},
{ "symbol": 1060, "variants": ["F"]},
{ "symbol": 1061, "variants": ["KH"], "case": { "lang":["srb"], "val": "H", "place":"any"}},
{ "symbol": 1062, "variants": ["TS"], "case": { "lang":["srb"], "val": "C", "place":"any"}},
{ "symbol": 1063, "variants": ["CH"], "case": { "lang":["srb"], "val": "C", "place":"any"}},
{ "symbol": 1064, "variants": ["SH"], "case": { "lang":["srb"], "val": "S", "place":"any"}},
{ "symbol": 1065, "variants": ["SHCH"], "case": { "lang":["bgr"], "val": "SHT", "place":"any"}},
{ "symbol": 1066, "variants": ["IE"]},
{ "symbol": 1067, "variants": ["Y"]},
{ "symbol": 1069, "variants": ["E"]},
{ "symbol": 1070, "variants": ["IU"], "case": { "lang":["ukr"], "val": "YU", "place":"first"}},
{ "symbol": 1071, "variants": ["IA"], "case": { "lang":["ukr"], "val": "YA", "place":"first"}},
{ "symbol": 1130, "variants": ["U"]},
{ "symbol": 1140, "variants": ["Y"]},
{ "symbol": 1168, "variants": ["G"]},
{ "symbol": 1170, "variants": ["G"], "case": { "lang":["mkd"], "val": "GJ", "place":"any"}},
{ "symbol": 1210, "variants": ["C"]}
],
"arabic": [
{ "symbol": 1569, "variants": ["XE"]},
{ "symbol": 1570, "variants": ["XAA"]},
{ "symbol": 1571, "variants": ["XAE"]},
{ "symbol": 1572, "variants": ["U"]},
{ "symbol": 1573, "variants": ["I"]},
{ "symbol": 1574, "variants": ["XI"]},
{ "symbol": 1575, "variants": ["A"]},
{ "symbol": 1576, "variants": ["B"]},
{ "symbol": 1577, "variants": ["XTA"], "case": { "val": "XAH", "place": "last"}},
{ "symbol": 1578, "variants": ["T"]},
{ "symbol": 1579, "variants": ["XTH"]},
{ "symbol": 1580, "variants": ["J"]},
{ "symbol": 1581, "variants": ["XH"]},
{ "symbol": 1582, "variants": ["XKH"]},
{ "symbol": 1583, "variants": ["D"]},
{ "symbol": 1584, "variants": ["XDH"]},
{ "symbol": 1585, "variants": ["R"]},
{ "symbol": 1586, "variants": ["Z"]},
{ "symbol": 1587, "variants": ["S"]},
{ "symbol": 1588, "variants": ["XSH"]},
{ "symbol": 1589, "variants": ["XSS"]},
{ "symbol": 1590, "variants": ["XDZ"]},
{ "symbol": 1591, "variants": ["XTT"]},
{ "symbol": 1592, "variants": ["XZZ"]},
{ "symbol": 1593, "variants": ["E"]},
{ "symbol": 1594, "variants": ["G"]},
{ "symbol": 1601, "variants": ["F"]},
{ "symbol": 1602, "variants": ["Q"]},
{ "symbol": 1603, "variants": ["K"]},
{ "symbol": 1604, "variants": ["L"]},
{ "symbol": 1605, "variants": ["M"]},
{ "symbol": 1606, "variants": ["N"]},
{ "symbol": 1607, "variants": ["H"]},
{ "symbol": 1608, "variants": ["W"]},
{ "symbol": 1609, "variants": ["XAY"]},
{ "symbol": 1610, "variants": ["Y"]},
{ "symbol": 1649, "variants": ["XXA"]},
{ "symbol": 1657, "variants": ["XXT"]},
{ "symbol": 1660, "variants": ["XRT"]},
{ "symbol": 1662, "variants": ["P"]},
{ "symbol": 1665, "variants": ["XKE"]},
{ "symbol": 1669, "variants": ["XXH"]},
{ "symbol": 1670, "variants": ["XC"]},
{ "symbol": 1672, "variants": ["XXD"]},
{ "symbol": 1673, "variants": ["XDR"]},
{ "symbol": 1681, "variants": ["XXR"]},
{ "symbol": 1683, "variants": ["XRR"]},
{ "symbol": 1686, "variants": ["XRX"]},
{ "symbol": 1688, "variants": ["XJ"]},
{ "symbol": 1690, "variants": ["XXS"]},
{ "symbol": 106, "variants": ["XKK"]},
{ "symbol": 1707, "variants": ["XXK"]},
{ "symbol": 1709, "variants": ["XNG"]},
{ "symbol": 1711, "variants": ["XGG"]},
{ "symbol": 1722, "variants": ["XNN"]},
{ "symbol": 1724, "variants": ["XXN"]},
{ "symbol": 1726, "variants": ["XDO"]},
{ "symbol": 108, "variants": ["XYH"]},
{ "symbol": 108, "variants": ["XXG"]},
{ "symbol": 108, "variants": ["XGE"]},
{ "symbol": 108, "variants": ["XTG"]},
{ "symbol": 1740, "variants": ["XYA"]},
{ "symbol": 1741, "variants": ["XXY"]},
{ "symbol": 109, "variants": ["Y"]},
{ "symbol": 109, "variants": ["XYB"]},
{ "symbol": 109, "variants": ["XBE"]}
]
}