{
  "type": "mrz_cd_checker",
  "settings" : {
    "type_field_name": "__type__",
    "fields_list":{
      "mrz.mrp":{
        "cd_number_mrz" : {"fields" : ["number_mrz"], "allow_empty" : false},
        "cd_birth_date_mrz" : {"fields":["birth_date_mrz"], "allow_empty":false},
        "cd_expiry_date_mrz" : {"fields":["expiry_date_mrz"], "allow_empty":false},
        "cd_opt_data_2_mrz" : {"fields":["opt_data_2_mrz"], "allow_empty":true},
        "cd_composite_mrz" : {
          "fields":[
            "number_mrz",
            "cd_number_mrz",
            "birth_date_mrz",
            "cd_birth_date_mrz",
            "expiry_date_mrz",
            "cd_expiry_date_mrz",
            "opt_data_2_mrz",
            "cd_opt_data_2_mrz"
          ],
          "allow_empty":false
        }
      },
      "mrz.td1":{
        "cd_number_mrz" : {
          "fields" : ["number_mrz"],
          "allow_empty" : false,
          "additional_fields" : ["cd_number_mrz","opt_data_1_mrz"]
        },
        "cd_birth_date_mrz" : {"fields":["birth_date_mrz"], "allow_empty":false},
        "cd_expiry_date_mrz" : {"fields":["expiry_date_mrz"], "allow_empty":false},
        "cd_composite_mrz" : {
          "fields":[
            "number_mrz",
            "cd_number_mrz",
            "opt_data_1_mrz",
            "birth_date_mrz",
            "cd_birth_date_mrz",
            "expiry_date_mrz",
            "cd_expiry_date_mrz",
            "opt_data_2_mrz"
          ],
          "allow_empty":false
        }
      },
      "mrz.td2":{
        "cd_number_mrz" : {
          "fields" : ["number_mrz"],
          "allow_empty" : false,
          "additional_fields" : ["opt_data_1_mrz"]
        },
        "cd_birth_date_mrz" : {"fields":["birth_date_mrz"], "allow_empty":false},
        "cd_expiry_date_mrz" : {"fields":["expiry_date_mrz"], "allow_empty":false},
        "cd_composite_mrz" : {
          "fields":[
            "number_mrz",
            "cd_number_mrz",
            "birth_date_mrz",
            "cd_birth_date_mrz",
            "expiry_date_mrz",
            "cd_expiry_date_mrz",
            "opt_data_2_mrz"
          ],
          "allow_empty":false
        }
      },
      "mrz.mrva":{
        "cd_number_mrz" : {"fields" : ["number_mrz"], "allow_empty" : false},
        "cd_birth_date_mrz" : {"fields":["birth_date_mrz"], "allow_empty":false},
        "cd_expiry_date_mrz" : {"fields":["expiry_date_mrz"], "allow_empty":false}
      },
      "mrz.mrvb":{
        "cd_number_mrz" : {"fields" : ["number_mrz"], "allow_empty" : false},
        "cd_birth_date_mrz" : {"fields":["birth_date_mrz"], "allow_empty":false},
        "cd_expiry_date_mrz" : {"fields":["expiry_date_mrz"], "allow_empty":false}
      },
      "mrz.fra.id":{
        "cd_number_mrz" : {"fields" : ["number_mrz"], "allow_empty" : false},
        "cd_birth_date_mrz" : {"fields":["birth_date_mrz"], "allow_empty":false},
        "cd_composite_mrz" : {
          "fields":[
            "doc_type_code_mrz",
            "issuer_mrz",
            "last_name_mrz",
            "opt_data_1_mrz",
            "number_mrz",
            "cd_number_mrz",
            "name_mrz",
            "birth_date_mrz",
            "cd_birth_date_mrz",
            "gender_mrz"
          ],
          "allow_empty":false
        }
      },
      "mrz.rus.passport":{
        "cd_number_mrz" : {"fields" : ["number_mrz"], "allow_empty" : false},
        "cd_birth_date_mrz" : {"fields":["birth_date_mrz"], "allow_empty":false},
        "cd_opt_data_2_mrz" : {
          "fields":[
            "last_digit_of_series_mrz",
            "issue_date_mrz",
            "authority_code_mrz"
          ],
          "allow_empty":false
        },
        "cd_composite_mrz" : {
          "fields":[
            "number_mrz",
            "cd_number_mrz",
            "birth_date_mrz",
            "cd_birth_date_mrz",
            "filler_mrz",
            "last_digit_of_series_mrz",
            "issue_date_mrz",
            "authority_code_mrz",
            "filler_opt_data_2_mrz",
            "cd_opt_data_2_mrz"
          ],
          "allow_empty":false
        }
      },
      "mrz.rus.visa":{
        "cd_name_mrz" : {"fields":["name_mrz"], "allow_empty":false},
        "cd_number_mrz" : {"fields":["number_mrz"], "allow_empty":false},
        "cd_birth_date_mrz" : {"fields":["birth_date_mrz"], "allow_empty":false},
        "cd_invitation_number_mrz" : {"fields":["invitation_number_mrz"], "allow_empty":false},
        "cd_id_visa_mrz" : {"fields":["id_visa_mrz"], "allow_empty":false}
      },
      "mrz.bgr.vrd":{
        "cd_number_mrz" : {"fields" : ["number_mrz"], "allow_empty" : false}
      }
    }
  }
}

