{
  "type": "mrz_wrdgen_docnumber",
  "settings" : {
    "data_field_name": "id_visa_mrz",
    "issuer_field_name": "issuer_mrz",
    "with_cd" : true,
    "cd_field_name": "cd_id_visa_mrz",
    "type_field_name": "__type__",
    "wrdgen_depth": 200,
    "substitution_weight": 0.9,
    "rare_substitution_weight": 0.1,
    "check_control_digit": false,
    "dictionary_sets":{      
    	"mrz.rus.visa" : {
    	  "is_letter_O_forbidden": false,
          "lengthOfPattern": 9,
          "issuers" : {
            "RUS":{"patterns":["@@@??????"]}
          }
    	}    	
    }
  }
}
