{
  "type": "mrz_wrdgen_docnumber",
  "settings" : {
    "data_field_name": "opt_data_2_mrz",
    "type_field_name": "__type__",
    "issuer_field_name":"issuer_mrz",
    "with_cd" : false,
    "wrdgen_depth": 200,
    "substitution_weight": 0.9,
    "rare_substitution_weight": 0.1,
    "check_control_digit": false,
    "dictionary_sets":{
      "mrz.mrvb" : {
        "is_letter_O_forbidden": true,
        "lengthOfPattern": 8,
        "issuers" : {
          "FRA": { "patterns":["<M######", "<#######"]},
          "CHE": { "patterns":["<M######", "<#######"]},
          "CYP": { "patterns":["<M######", "<#######", "TM######"]},
          "CZE": { "patterns":["<M######", "<#######", "********"]},
          "D<<": { "patterns":["<M######", "<#######"]},
          "ITA": { "patterns":["<M######", "<#######"]}, 
          "AUT": { "patterns":["<M######", "<#######"]}, 
          "ESP": { "patterns":["<M######", "<#######"]}, 
          "FIN": { "patterns":["<M######", "<#######"]}, 
          "ISL": { "patterns":["<M######", "<#######"]},
          "LVA": { "patterns":["<M######", "<#######"]}            
        }
      },
      "mrz.mrva" : {
        "is_letter_O_forbidden": false,
        "lengthOfPattern": 16,
        "issuers" : {           
        }
      },
      "mrz.td1" : {
        "is_letter_O_forbidden": false,
        "lengthOfPattern": 11,
        "issuers": {
        }
      },
      "mrz.td2": {
        "is_letter_O_forbidden": false,
        "lengthOfPattern": 7,
        "issuers": {
        }
      }
    }
  }
}
