{
  "type": "mrz_wrdgen_docnumber",
  "settings" : {
    "data_field_name" : "opt_data_2_mrz",
    "type_field_name" : "__type__",
    "issuer_field_name" : "issuer_mrz",
    "with_cd" : true,
    "cd_field_name" : "cd_opt_data_2_mrz",
    "wrdgen_depth" : 30,
    "substitution_weight" : 0.9,
    "rare_substitution_weight" : 0.1,
    "check_control_digit": false,
    "dictionary_sets" : {
      "mrz.mrp" : {
          "is_letter_O_forbidden" : false,
          "lengthOfPattern" : 14,
          "issuers" : {
            ""  : {"patterns" : ["<<<<<<<<<<<<<<"]},
            "KGZ" : {"patterns" : ["##############"], "isLetterOForbidden" : true},
            "PAK" : {"patterns" : ["#############<"]},
            "RUS" : {"patterns" : ["#############<"]},
            "USA" : {"patterns" : ["#########<####"]},
            "ISR" : {"patterns" : ["#<#######<#<<<"]}           
        }
      }
    }
  }
}
