{
  "type": "mrz_wrdgen_docnumber",
  "settings" : {
    "data_field_name": "opt_data_1_mrz",
    "type_field_name": "__type__",
    "issuer_field_name":"issuer_mrz",
    "with_cd" : false,
    "wrdgen_depth": 200,
    "substitution_weight": 0.9,
    "rare_substitution_weight": 0.1,
    "check_control_digit": false,
    "dictionary_sets":{
        "mrz.fra.id" : {
          "is_letter_O_forbidden": false,
          "lengthOfPattern": 6, 
          "issuers" : {
       	    "FRA": {"patterns" : ["######", "##@###", "@@@###", "#@####", "##@###", "<<<<<<"]}
          }        
      	},
        "mrz.td1" : {
          "is_letter_O_forbidden": false,
          "lengthOfPattern": 15, 
          "issuers" : {
            "ARE": {
              "patterns": ["###############"]
            },
            "D<<":{
              "patterns": ["<<<<<<<<<<<<<<<"]
            }     
          }       
        }
    }
  }
}
