{
  "type": "mrz_wrdgen_docnumber",
  "settings" : {
    "data_field_name": "id_number_mrz",
    "type_field_name": "__type__",
    "issuer_field_name":"issuer_mrz",
    "wrdgen_depth": 200,
    "with_cd": false,
    "substitution_weight": 0.9,
    "rare_substitution_weight": 0.1,
    "check_control_digit": false,
    "dictionary_sets":{
        "mrz.bgr.vrd" : {
          "is_letter_O_forbidden": true,
          "lengthOfPattern": 13, 
          "issuers" : {
       	    "BGR": {"patterns" : ["##########<<<", "#########<<<<"]}
          }        
      	}
    }
  }
}
